ARM GAS  /tmp/ccPpAxyl.s 			page 1


   1              		.cpu cortex-m4
   2              		.arch armv7e-m
   3              		.fpu fpv4-sp-d16
   4              		.eabi_attribute 27, 1
   5              		.eabi_attribute 28, 1
   6              		.eabi_attribute 20, 1
   7              		.eabi_attribute 21, 1
   8              		.eabi_attribute 23, 3
   9              		.eabi_attribute 24, 1
  10              		.eabi_attribute 25, 1
  11              		.eabi_attribute 26, 1
  12              		.eabi_attribute 30, 1
  13              		.eabi_attribute 34, 1
  14              		.eabi_attribute 18, 4
  15              		.file	"main.c"
  16              		.text
  17              	.Ltext0:
  18              		.cfi_sections	.debug_frame
  19              		.file 1 "Core/Src/main.c"
  20              		.section	.text.MX_GPIO_Init,"ax",%progbits
  21              		.align	1
  22              		.syntax unified
  23              		.thumb
  24              		.thumb_func
  26              	MX_GPIO_Init:
  27              	.LFB142:
   1:Core/Src/main.c **** /* USER CODE BEGIN Header */
   2:Core/Src/main.c **** /**
   3:Core/Src/main.c ****   ******************************************************************************
   4:Core/Src/main.c ****   * @file           : main.c
   5:Core/Src/main.c ****   * @brief          : Main program body
   6:Core/Src/main.c ****   ******************************************************************************
   7:Core/Src/main.c ****   * @attention
   8:Core/Src/main.c ****   *
   9:Core/Src/main.c ****   * Copyright (c) 2026 STMicroelectronics.
  10:Core/Src/main.c ****   * All rights reserved.
  11:Core/Src/main.c ****   *
  12:Core/Src/main.c ****   * This software is licensed under terms that can be found in the LICENSE file
  13:Core/Src/main.c ****   * in the root directory of this software component.
  14:Core/Src/main.c ****   * If no LICENSE file comes with this software, it is provided AS-IS.
  15:Core/Src/main.c ****   *
  16:Core/Src/main.c ****   ******************************************************************************
  17:Core/Src/main.c ****   */
  18:Core/Src/main.c **** /* USER CODE END Header */
  19:Core/Src/main.c **** /* Includes ------------------------------------------------------------------*/
  20:Core/Src/main.c **** #include "main.h"
  21:Core/Src/main.c **** #include "lis2mdl.h"
  22:Core/Src/main.c **** #include "stm32f4xx_hal.h"
  23:Core/Src/main.c **** #include <stdio.h>
  24:Core/Src/main.c **** 
  25:Core/Src/main.c **** /* Private includes ----------------------------------------------------------*/
  26:Core/Src/main.c **** /* USER CODE BEGIN Includes */
  27:Core/Src/main.c **** 
  28:Core/Src/main.c **** /* USER CODE END Includes */
  29:Core/Src/main.c **** 
  30:Core/Src/main.c **** /* Private typedef -----------------------------------------------------------*/
  31:Core/Src/main.c **** /* USER CODE BEGIN PTD */
ARM GAS  /tmp/ccPpAxyl.s 			page 2


  32:Core/Src/main.c **** 
  33:Core/Src/main.c **** /* USER CODE END PTD */
  34:Core/Src/main.c **** 
  35:Core/Src/main.c **** /* Private define ------------------------------------------------------------*/
  36:Core/Src/main.c **** /* USER CODE BEGIN PD */
  37:Core/Src/main.c **** 
  38:Core/Src/main.c **** /* USER CODE END PD */
  39:Core/Src/main.c **** 
  40:Core/Src/main.c **** /* Private macro -------------------------------------------------------------*/
  41:Core/Src/main.c **** /* USER CODE BEGIN PM */
  42:Core/Src/main.c **** 
  43:Core/Src/main.c **** /* USER CODE END PM */
  44:Core/Src/main.c **** 
  45:Core/Src/main.c **** /* Private variables ---------------------------------------------------------*/
  46:Core/Src/main.c **** SPI_HandleTypeDef hspi2;
  47:Core/Src/main.c **** 
  48:Core/Src/main.c **** UART_HandleTypeDef huart2;
  49:Core/Src/main.c **** int _write(int file, char *ptr, int len)
  50:Core/Src/main.c **** {
  51:Core/Src/main.c ****     HAL_UART_Transmit(&huart2, (uint8_t *)ptr, len, HAL_MAX_DELAY);
  52:Core/Src/main.c ****     return len;
  53:Core/Src/main.c **** }
  54:Core/Src/main.c **** /* USER CODE END 4 */
  55:Core/Src/main.c **** 
  56:Core/Src/main.c **** /* USER CODE BEGIN PV */
  57:Core/Src/main.c **** 
  58:Core/Src/main.c **** /* USER CODE END PV */
  59:Core/Src/main.c **** 
  60:Core/Src/main.c **** /* Private function prototypes -----------------------------------------------*/
  61:Core/Src/main.c **** void SystemClock_Config(void);
  62:Core/Src/main.c **** static void MX_GPIO_Init(void);
  63:Core/Src/main.c **** static void MX_SPI2_Init(void);
  64:Core/Src/main.c **** static void MX_USART2_UART_Init(void);
  65:Core/Src/main.c **** /* USER CODE BEGIN PFP */
  66:Core/Src/main.c **** 
  67:Core/Src/main.c **** /* USER CODE END PFP */
  68:Core/Src/main.c **** 
  69:Core/Src/main.c **** /* Private user code ---------------------------------------------------------*/
  70:Core/Src/main.c **** /* USER CODE BEGIN 0 */
  71:Core/Src/main.c **** 
  72:Core/Src/main.c **** /* USER CODE END 0 */
  73:Core/Src/main.c **** 
  74:Core/Src/main.c **** /**
  75:Core/Src/main.c ****   * @brief  The application entry point.
  76:Core/Src/main.c ****   * @retval int
  77:Core/Src/main.c ****   */
  78:Core/Src/main.c **** int main(void)
  79:Core/Src/main.c **** {
  80:Core/Src/main.c **** 
  81:Core/Src/main.c ****   /* USER CODE BEGIN 1 */
  82:Core/Src/main.c **** 
  83:Core/Src/main.c ****   /* USER CODE END 1 */
  84:Core/Src/main.c **** 
  85:Core/Src/main.c ****   /* MCU Configuration--------------------------------------------------------*/
  86:Core/Src/main.c **** 
  87:Core/Src/main.c ****   /* Reset of all peripherals, Initializes the Flash interface and the Systick. */
  88:Core/Src/main.c ****   HAL_Init();
ARM GAS  /tmp/ccPpAxyl.s 			page 3


  89:Core/Src/main.c **** 
  90:Core/Src/main.c ****   /* USER CODE BEGIN Init */
  91:Core/Src/main.c **** 
  92:Core/Src/main.c ****   /* USER CODE END Init */
  93:Core/Src/main.c **** 
  94:Core/Src/main.c ****   /* Configure the system clock */
  95:Core/Src/main.c ****   SystemClock_Config();
  96:Core/Src/main.c **** 
  97:Core/Src/main.c ****   /* USER CODE BEGIN SysInit */
  98:Core/Src/main.c **** 
  99:Core/Src/main.c ****   /* USER CODE END SysInit */
 100:Core/Src/main.c **** 
 101:Core/Src/main.c ****   /* Initialize all configured peripherals */
 102:Core/Src/main.c ****   MX_GPIO_Init();
 103:Core/Src/main.c ****   MX_SPI2_Init();
 104:Core/Src/main.c ****   MX_USART2_UART_Init();
 105:Core/Src/main.c ****   /* USER CODE BEGIN 2 */
 106:Core/Src/main.c **** 
 107:Core/Src/main.c ****   /* USER CODE END 2 */
 108:Core/Src/main.c **** 
 109:Core/Src/main.c ****   /* Infinite loop */
 110:Core/Src/main.c ****   /* USER CODE BEGIN WHILE */
 111:Core/Src/main.c ****   printf("Hello\r\n");
 112:Core/Src/main.c ****   HAL_Delay(100);
 113:Core/Src/main.c ****   LIS2MDL_Init();
 114:Core/Src/main.c ****   while (1)
 115:Core/Src/main.c ****   {
 116:Core/Src/main.c ****     /* USER CODE END WHILE */
 117:Core/Src/main.c ****     float xyz[3];
 118:Core/Src/main.c ****     LIS2MDL_Read_mgauss(xyz);
 119:Core/Src/main.c ****     //printf("%f %f %f\r\n", xyz[0], xyz[1], xyz[2]);
 120:Core/Src/main.c ****     printf("%d %d %d\r\n", (int)xyz[0], (int)xyz[1], (int)xyz[2]);
 121:Core/Src/main.c ****     HAL_Delay(100);
 122:Core/Src/main.c **** 
 123:Core/Src/main.c ****     /* USER CODE BEGIN 3 */
 124:Core/Src/main.c ****   }
 125:Core/Src/main.c ****   /* USER CODE END 3 */
 126:Core/Src/main.c **** }
 127:Core/Src/main.c **** 
 128:Core/Src/main.c **** /**
 129:Core/Src/main.c ****   * @brief System Clock Configuration
 130:Core/Src/main.c ****   * @retval None
 131:Core/Src/main.c ****   */
 132:Core/Src/main.c **** void SystemClock_Config(void)
 133:Core/Src/main.c **** {
 134:Core/Src/main.c ****   RCC_OscInitTypeDef RCC_OscInitStruct = {0};
 135:Core/Src/main.c ****   RCC_ClkInitTypeDef RCC_ClkInitStruct = {0};
 136:Core/Src/main.c **** 
 137:Core/Src/main.c ****   /** Configure the main internal regulator output voltage
 138:Core/Src/main.c ****   */
 139:Core/Src/main.c ****   __HAL_RCC_PWR_CLK_ENABLE();
 140:Core/Src/main.c ****   __HAL_PWR_VOLTAGESCALING_CONFIG(PWR_REGULATOR_VOLTAGE_SCALE1);
 141:Core/Src/main.c **** 
 142:Core/Src/main.c ****   /** Initializes the RCC Oscillators according to the specified parameters
 143:Core/Src/main.c ****   * in the RCC_OscInitTypeDef structure.
 144:Core/Src/main.c ****   */
 145:Core/Src/main.c ****   RCC_OscInitStruct.OscillatorType = RCC_OSCILLATORTYPE_HSI;
ARM GAS  /tmp/ccPpAxyl.s 			page 4


 146:Core/Src/main.c ****   RCC_OscInitStruct.HSIState = RCC_HSI_ON;
 147:Core/Src/main.c ****   RCC_OscInitStruct.HSICalibrationValue = RCC_HSICALIBRATION_DEFAULT;
 148:Core/Src/main.c ****   RCC_OscInitStruct.PLL.PLLState = RCC_PLL_ON;
 149:Core/Src/main.c ****   RCC_OscInitStruct.PLL.PLLSource = RCC_PLLSOURCE_HSI;
 150:Core/Src/main.c ****   RCC_OscInitStruct.PLL.PLLM = 16;
 151:Core/Src/main.c ****   RCC_OscInitStruct.PLL.PLLN = 336;
 152:Core/Src/main.c ****   RCC_OscInitStruct.PLL.PLLP = RCC_PLLP_DIV4;
 153:Core/Src/main.c ****   RCC_OscInitStruct.PLL.PLLQ = 4;
 154:Core/Src/main.c ****   if (HAL_RCC_OscConfig(&RCC_OscInitStruct) != HAL_OK)
 155:Core/Src/main.c ****   {
 156:Core/Src/main.c ****     Error_Handler();
 157:Core/Src/main.c ****   }
 158:Core/Src/main.c **** 
 159:Core/Src/main.c ****   /** Initializes the CPU, AHB and APB buses clocks
 160:Core/Src/main.c ****   */
 161:Core/Src/main.c ****   RCC_ClkInitStruct.ClockType = RCC_CLOCKTYPE_HCLK|RCC_CLOCKTYPE_SYSCLK
 162:Core/Src/main.c ****                               |RCC_CLOCKTYPE_PCLK1|RCC_CLOCKTYPE_PCLK2;
 163:Core/Src/main.c ****   RCC_ClkInitStruct.SYSCLKSource = RCC_SYSCLKSOURCE_PLLCLK;
 164:Core/Src/main.c ****   RCC_ClkInitStruct.AHBCLKDivider = RCC_SYSCLK_DIV1;
 165:Core/Src/main.c ****   RCC_ClkInitStruct.APB1CLKDivider = RCC_HCLK_DIV2;
 166:Core/Src/main.c ****   RCC_ClkInitStruct.APB2CLKDivider = RCC_HCLK_DIV1;
 167:Core/Src/main.c **** 
 168:Core/Src/main.c ****   if (HAL_RCC_ClockConfig(&RCC_ClkInitStruct, FLASH_LATENCY_2) != HAL_OK)
 169:Core/Src/main.c ****   {
 170:Core/Src/main.c ****     Error_Handler();
 171:Core/Src/main.c ****   }
 172:Core/Src/main.c **** }
 173:Core/Src/main.c **** 
 174:Core/Src/main.c **** /**
 175:Core/Src/main.c ****   * @brief SPI2 Initialization Function
 176:Core/Src/main.c ****   * @param None
 177:Core/Src/main.c ****   * @retval None
 178:Core/Src/main.c ****   */
 179:Core/Src/main.c **** static void MX_SPI2_Init(void)
 180:Core/Src/main.c **** {
 181:Core/Src/main.c **** 
 182:Core/Src/main.c ****   /* USER CODE BEGIN SPI2_Init 0 */
 183:Core/Src/main.c **** 
 184:Core/Src/main.c ****   /* USER CODE END SPI2_Init 0 */
 185:Core/Src/main.c **** 
 186:Core/Src/main.c ****   /* USER CODE BEGIN SPI2_Init 1 */
 187:Core/Src/main.c **** 
 188:Core/Src/main.c ****   /* USER CODE END SPI2_Init 1 */
 189:Core/Src/main.c ****   /* SPI2 parameter configuration*/
 190:Core/Src/main.c ****   hspi2.Instance = SPI2;
 191:Core/Src/main.c ****   hspi2.Init.Mode = SPI_MODE_MASTER;
 192:Core/Src/main.c ****   hspi2.Init.Direction = SPI_DIRECTION_2LINES;
 193:Core/Src/main.c ****   hspi2.Init.DataSize = SPI_DATASIZE_8BIT;
 194:Core/Src/main.c ****   hspi2.Init.CLKPolarity = SPI_POLARITY_LOW;
 195:Core/Src/main.c ****   hspi2.Init.CLKPhase = SPI_PHASE_1EDGE;
 196:Core/Src/main.c ****   hspi2.Init.NSS = SPI_NSS_SOFT;
 197:Core/Src/main.c ****   hspi2.Init.BaudRatePrescaler = SPI_BAUDRATEPRESCALER_4;
 198:Core/Src/main.c ****   hspi2.Init.FirstBit = SPI_FIRSTBIT_MSB;
 199:Core/Src/main.c ****   hspi2.Init.TIMode = SPI_TIMODE_DISABLE;
 200:Core/Src/main.c ****   hspi2.Init.CRCCalculation = SPI_CRCCALCULATION_DISABLE;
 201:Core/Src/main.c ****   hspi2.Init.CRCPolynomial = 10;
 202:Core/Src/main.c ****   if (HAL_SPI_Init(&hspi2) != HAL_OK)
ARM GAS  /tmp/ccPpAxyl.s 			page 5


 203:Core/Src/main.c ****   {
 204:Core/Src/main.c ****     Error_Handler();
 205:Core/Src/main.c ****   }
 206:Core/Src/main.c ****   /* USER CODE BEGIN SPI2_Init 2 */
 207:Core/Src/main.c **** 
 208:Core/Src/main.c ****   /* USER CODE END SPI2_Init 2 */
 209:Core/Src/main.c **** 
 210:Core/Src/main.c **** }
 211:Core/Src/main.c **** 
 212:Core/Src/main.c **** /**
 213:Core/Src/main.c ****   * @brief USART2 Initialization Function
 214:Core/Src/main.c ****   * @param None
 215:Core/Src/main.c ****   * @retval None
 216:Core/Src/main.c ****   */
 217:Core/Src/main.c **** static void MX_USART2_UART_Init(void)
 218:Core/Src/main.c **** {
 219:Core/Src/main.c **** 
 220:Core/Src/main.c ****   /* USER CODE BEGIN USART2_Init 0 */
 221:Core/Src/main.c **** 
 222:Core/Src/main.c ****   /* USER CODE END USART2_Init 0 */
 223:Core/Src/main.c **** 
 224:Core/Src/main.c ****   /* USER CODE BEGIN USART2_Init 1 */
 225:Core/Src/main.c **** 
 226:Core/Src/main.c ****   /* USER CODE END USART2_Init 1 */
 227:Core/Src/main.c ****   huart2.Instance = USART2;
 228:Core/Src/main.c ****   huart2.Init.BaudRate = 115200;
 229:Core/Src/main.c ****   huart2.Init.WordLength = UART_WORDLENGTH_8B;
 230:Core/Src/main.c ****   huart2.Init.StopBits = UART_STOPBITS_1;
 231:Core/Src/main.c ****   huart2.Init.Parity = UART_PARITY_NONE;
 232:Core/Src/main.c ****   huart2.Init.Mode = UART_MODE_TX_RX;
 233:Core/Src/main.c ****   huart2.Init.HwFlowCtl = UART_HWCONTROL_NONE;
 234:Core/Src/main.c ****   huart2.Init.OverSampling = UART_OVERSAMPLING_16;
 235:Core/Src/main.c ****   if (HAL_UART_Init(&huart2) != HAL_OK)
 236:Core/Src/main.c ****   {
 237:Core/Src/main.c ****     Error_Handler();
 238:Core/Src/main.c ****   }
 239:Core/Src/main.c ****   /* USER CODE BEGIN USART2_Init 2 */
 240:Core/Src/main.c **** 
 241:Core/Src/main.c ****   /* USER CODE END USART2_Init 2 */
 242:Core/Src/main.c **** 
 243:Core/Src/main.c **** }
 244:Core/Src/main.c **** 
 245:Core/Src/main.c **** /**
 246:Core/Src/main.c ****   * @brief GPIO Initialization Function
 247:Core/Src/main.c ****   * @param None
 248:Core/Src/main.c ****   * @retval None
 249:Core/Src/main.c ****   */
 250:Core/Src/main.c **** static void MX_GPIO_Init(void)
 251:Core/Src/main.c **** {
  28              		.loc 1 251 1 view -0
  29              		.cfi_startproc
  30              		@ args = 0, pretend = 0, frame = 40
  31              		@ frame_needed = 0, uses_anonymous_args = 0
  32 0000 70B5     		push	{r4, r5, r6, lr}
  33              	.LCFI0:
  34              		.cfi_def_cfa_offset 16
  35              		.cfi_offset 4, -16
ARM GAS  /tmp/ccPpAxyl.s 			page 6


  36              		.cfi_offset 5, -12
  37              		.cfi_offset 6, -8
  38              		.cfi_offset 14, -4
  39 0002 8AB0     		sub	sp, sp, #40
  40              	.LCFI1:
  41              		.cfi_def_cfa_offset 56
 252:Core/Src/main.c ****   GPIO_InitTypeDef GPIO_InitStruct = {0};
  42              		.loc 1 252 3 view .LVU1
  43              		.loc 1 252 20 is_stmt 0 view .LVU2
  44 0004 05AD     		add	r5, sp, #20
  45 0006 0024     		movs	r4, #0
  46 0008 0594     		str	r4, [sp, #20]
  47 000a 0694     		str	r4, [sp, #24]
  48 000c 0794     		str	r4, [sp, #28]
  49 000e 0894     		str	r4, [sp, #32]
  50 0010 0994     		str	r4, [sp, #36]
 253:Core/Src/main.c ****   /* USER CODE BEGIN MX_GPIO_Init_1 */
 254:Core/Src/main.c **** 
 255:Core/Src/main.c ****   /* USER CODE END MX_GPIO_Init_1 */
 256:Core/Src/main.c **** 
 257:Core/Src/main.c ****   /* GPIO Ports Clock Enable */
 258:Core/Src/main.c ****   __HAL_RCC_GPIOC_CLK_ENABLE();
  51              		.loc 1 258 3 is_stmt 1 view .LVU3
  52              	.LBB4:
  53              		.loc 1 258 3 view .LVU4
  54 0012 0194     		str	r4, [sp, #4]
  55              		.loc 1 258 3 view .LVU5
  56 0014 224B     		ldr	r3, .L3
  57 0016 1A6B     		ldr	r2, [r3, #48]
  58 0018 42F00402 		orr	r2, r2, #4
  59 001c 1A63     		str	r2, [r3, #48]
  60              		.loc 1 258 3 view .LVU6
  61 001e 1A6B     		ldr	r2, [r3, #48]
  62 0020 02F00402 		and	r2, r2, #4
  63 0024 0192     		str	r2, [sp, #4]
  64              		.loc 1 258 3 view .LVU7
  65 0026 019A     		ldr	r2, [sp, #4]
  66              	.LBE4:
  67              		.loc 1 258 3 view .LVU8
 259:Core/Src/main.c ****   __HAL_RCC_GPIOH_CLK_ENABLE();
  68              		.loc 1 259 3 view .LVU9
  69              	.LBB5:
  70              		.loc 1 259 3 view .LVU10
  71 0028 0294     		str	r4, [sp, #8]
  72              		.loc 1 259 3 view .LVU11
  73 002a 1A6B     		ldr	r2, [r3, #48]
  74 002c 42F08002 		orr	r2, r2, #128
  75 0030 1A63     		str	r2, [r3, #48]
  76              		.loc 1 259 3 view .LVU12
  77 0032 1A6B     		ldr	r2, [r3, #48]
  78 0034 02F08002 		and	r2, r2, #128
  79 0038 0292     		str	r2, [sp, #8]
  80              		.loc 1 259 3 view .LVU13
  81 003a 029A     		ldr	r2, [sp, #8]
  82              	.LBE5:
  83              		.loc 1 259 3 view .LVU14
 260:Core/Src/main.c ****   __HAL_RCC_GPIOA_CLK_ENABLE();
ARM GAS  /tmp/ccPpAxyl.s 			page 7


  84              		.loc 1 260 3 view .LVU15
  85              	.LBB6:
  86              		.loc 1 260 3 view .LVU16
  87 003c 0394     		str	r4, [sp, #12]
  88              		.loc 1 260 3 view .LVU17
  89 003e 1A6B     		ldr	r2, [r3, #48]
  90 0040 42F00102 		orr	r2, r2, #1
  91 0044 1A63     		str	r2, [r3, #48]
  92              		.loc 1 260 3 view .LVU18
  93 0046 1A6B     		ldr	r2, [r3, #48]
  94 0048 02F00102 		and	r2, r2, #1
  95 004c 0392     		str	r2, [sp, #12]
  96              		.loc 1 260 3 view .LVU19
  97 004e 039A     		ldr	r2, [sp, #12]
  98              	.LBE6:
  99              		.loc 1 260 3 view .LVU20
 261:Core/Src/main.c ****   __HAL_RCC_GPIOB_CLK_ENABLE();
 100              		.loc 1 261 3 view .LVU21
 101              	.LBB7:
 102              		.loc 1 261 3 view .LVU22
 103 0050 0494     		str	r4, [sp, #16]
 104              		.loc 1 261 3 view .LVU23
 105 0052 1A6B     		ldr	r2, [r3, #48]
 106 0054 42F00202 		orr	r2, r2, #2
 107 0058 1A63     		str	r2, [r3, #48]
 108              		.loc 1 261 3 view .LVU24
 109 005a 1B6B     		ldr	r3, [r3, #48]
 110 005c 03F00203 		and	r3, r3, #2
 111 0060 0493     		str	r3, [sp, #16]
 112              		.loc 1 261 3 view .LVU25
 113 0062 049B     		ldr	r3, [sp, #16]
 114              	.LBE7:
 115              		.loc 1 261 3 view .LVU26
 262:Core/Src/main.c **** 
 263:Core/Src/main.c ****   /*Configure GPIO pin Output Level */
 264:Core/Src/main.c ****   HAL_GPIO_WritePin(LD2_GPIO_Port, LD2_Pin, GPIO_PIN_RESET);
 116              		.loc 1 264 3 view .LVU27
 117 0064 0F4E     		ldr	r6, .L3+4
 118 0066 2246     		mov	r2, r4
 119 0068 2021     		movs	r1, #32
 120 006a 3046     		mov	r0, r6
 121 006c FFF7FEFF 		bl	HAL_GPIO_WritePin
 122              	.LVL0:
 265:Core/Src/main.c **** 
 266:Core/Src/main.c ****   /*Configure GPIO pin : B1_Pin */
 267:Core/Src/main.c ****   GPIO_InitStruct.Pin = B1_Pin;
 123              		.loc 1 267 3 view .LVU28
 124              		.loc 1 267 23 is_stmt 0 view .LVU29
 125 0070 4FF40053 		mov	r3, #8192
 126 0074 0593     		str	r3, [sp, #20]
 268:Core/Src/main.c ****   GPIO_InitStruct.Mode = GPIO_MODE_IT_FALLING;
 127              		.loc 1 268 3 is_stmt 1 view .LVU30
 128              		.loc 1 268 24 is_stmt 0 view .LVU31
 129 0076 4FF40413 		mov	r3, #2162688
 130 007a 0693     		str	r3, [sp, #24]
 269:Core/Src/main.c ****   GPIO_InitStruct.Pull = GPIO_NOPULL;
 131              		.loc 1 269 3 is_stmt 1 view .LVU32
ARM GAS  /tmp/ccPpAxyl.s 			page 8


 132              		.loc 1 269 24 is_stmt 0 view .LVU33
 133 007c 0794     		str	r4, [sp, #28]
 270:Core/Src/main.c ****   HAL_GPIO_Init(B1_GPIO_Port, &GPIO_InitStruct);
 134              		.loc 1 270 3 is_stmt 1 view .LVU34
 135 007e 2946     		mov	r1, r5
 136 0080 0948     		ldr	r0, .L3+8
 137 0082 FFF7FEFF 		bl	HAL_GPIO_Init
 138              	.LVL1:
 271:Core/Src/main.c **** 
 272:Core/Src/main.c ****   /*Configure GPIO pin : LD2_Pin */
 273:Core/Src/main.c ****   GPIO_InitStruct.Pin = LD2_Pin;
 139              		.loc 1 273 3 view .LVU35
 140              		.loc 1 273 23 is_stmt 0 view .LVU36
 141 0086 2023     		movs	r3, #32
 142 0088 0593     		str	r3, [sp, #20]
 274:Core/Src/main.c ****   GPIO_InitStruct.Mode = GPIO_MODE_OUTPUT_PP;
 143              		.loc 1 274 3 is_stmt 1 view .LVU37
 144              		.loc 1 274 24 is_stmt 0 view .LVU38
 145 008a 0123     		movs	r3, #1
 146 008c 0693     		str	r3, [sp, #24]
 275:Core/Src/main.c ****   GPIO_InitStruct.Pull = GPIO_NOPULL;
 147              		.loc 1 275 3 is_stmt 1 view .LVU39
 148              		.loc 1 275 24 is_stmt 0 view .LVU40
 149 008e 0794     		str	r4, [sp, #28]
 276:Core/Src/main.c ****   GPIO_InitStruct.Speed = GPIO_SPEED_FREQ_LOW;
 150              		.loc 1 276 3 is_stmt 1 view .LVU41
 151              		.loc 1 276 25 is_stmt 0 view .LVU42
 152 0090 0894     		str	r4, [sp, #32]
 277:Core/Src/main.c ****   HAL_GPIO_Init(LD2_GPIO_Port, &GPIO_InitStruct);
 153              		.loc 1 277 3 is_stmt 1 view .LVU43
 154 0092 2946     		mov	r1, r5
 155 0094 3046     		mov	r0, r6
 156 0096 FFF7FEFF 		bl	HAL_GPIO_Init
 157              	.LVL2:
 278:Core/Src/main.c **** 
 279:Core/Src/main.c ****   /* USER CODE BEGIN MX_GPIO_Init_2 */
 280:Core/Src/main.c **** 
 281:Core/Src/main.c ****   /* USER CODE END MX_GPIO_Init_2 */
 282:Core/Src/main.c **** }
 158              		.loc 1 282 1 is_stmt 0 view .LVU44
 159 009a 0AB0     		add	sp, sp, #40
 160              	.LCFI2:
 161              		.cfi_def_cfa_offset 16
 162              		@ sp needed
 163 009c 70BD     		pop	{r4, r5, r6, pc}
 164              	.L4:
 165 009e 00BF     		.align	2
 166              	.L3:
 167 00a0 00380240 		.word	1073887232
 168 00a4 00000240 		.word	1073872896
 169 00a8 00080240 		.word	1073874944
 170              		.cfi_endproc
 171              	.LFE142:
 173              		.section	.text._write,"ax",%progbits
 174              		.align	1
 175              		.global	_write
 176              		.syntax unified
ARM GAS  /tmp/ccPpAxyl.s 			page 9


 177              		.thumb
 178              		.thumb_func
 180              	_write:
 181              	.LVL3:
 182              	.LFB137:
  50:Core/Src/main.c ****     HAL_UART_Transmit(&huart2, (uint8_t *)ptr, len, HAL_MAX_DELAY);
 183              		.loc 1 50 1 is_stmt 1 view -0
 184              		.cfi_startproc
 185              		@ args = 0, pretend = 0, frame = 0
 186              		@ frame_needed = 0, uses_anonymous_args = 0
  50:Core/Src/main.c ****     HAL_UART_Transmit(&huart2, (uint8_t *)ptr, len, HAL_MAX_DELAY);
 187              		.loc 1 50 1 is_stmt 0 view .LVU46
 188 0000 10B5     		push	{r4, lr}
 189              	.LCFI3:
 190              		.cfi_def_cfa_offset 8
 191              		.cfi_offset 4, -8
 192              		.cfi_offset 14, -4
 193 0002 1446     		mov	r4, r2
  51:Core/Src/main.c ****     return len;
 194              		.loc 1 51 5 is_stmt 1 view .LVU47
 195 0004 4FF0FF33 		mov	r3, #-1
 196 0008 92B2     		uxth	r2, r2
 197              	.LVL4:
  51:Core/Src/main.c ****     return len;
 198              		.loc 1 51 5 is_stmt 0 view .LVU48
 199 000a 0248     		ldr	r0, .L7
 200              	.LVL5:
  51:Core/Src/main.c ****     return len;
 201              		.loc 1 51 5 view .LVU49
 202 000c FFF7FEFF 		bl	HAL_UART_Transmit
 203              	.LVL6:
  52:Core/Src/main.c **** }
 204              		.loc 1 52 5 is_stmt 1 view .LVU50
  53:Core/Src/main.c **** /* USER CODE END 4 */
 205              		.loc 1 53 1 is_stmt 0 view .LVU51
 206 0010 2046     		mov	r0, r4
 207 0012 10BD     		pop	{r4, pc}
 208              	.LVL7:
 209              	.L8:
  53:Core/Src/main.c **** /* USER CODE END 4 */
 210              		.loc 1 53 1 view .LVU52
 211              		.align	2
 212              	.L7:
 213 0014 00000000 		.word	huart2
 214              		.cfi_endproc
 215              	.LFE137:
 217              		.section	.text.Error_Handler,"ax",%progbits
 218              		.align	1
 219              		.global	Error_Handler
 220              		.syntax unified
 221              		.thumb
 222              		.thumb_func
 224              	Error_Handler:
 225              	.LFB143:
 283:Core/Src/main.c **** 
 284:Core/Src/main.c **** /* USER CODE BEGIN 4 */
 285:Core/Src/main.c **** 
ARM GAS  /tmp/ccPpAxyl.s 			page 10


 286:Core/Src/main.c **** /* USER CODE END 4 */
 287:Core/Src/main.c **** 
 288:Core/Src/main.c **** /**
 289:Core/Src/main.c ****   * @brief  This function is executed in case of error occurrence.
 290:Core/Src/main.c ****   * @retval None
 291:Core/Src/main.c ****   */
 292:Core/Src/main.c **** void Error_Handler(void)
 293:Core/Src/main.c **** {
 226              		.loc 1 293 1 is_stmt 1 view -0
 227              		.cfi_startproc
 228              		@ Volatile: function does not return.
 229              		@ args = 0, pretend = 0, frame = 0
 230              		@ frame_needed = 0, uses_anonymous_args = 0
 231              		@ link register save eliminated.
 294:Core/Src/main.c ****   /* USER CODE BEGIN Error_Handler_Debug */
 295:Core/Src/main.c ****   /* User can add his own implementation to report the HAL error return state */
 296:Core/Src/main.c ****   __disable_irq();
 232              		.loc 1 296 3 view .LVU54
 233              	.LBB8:
 234              	.LBI8:
 235              		.file 2 "Drivers/CMSIS/Include/cmsis_gcc.h"
   1:Drivers/CMSIS/Include/cmsis_gcc.h **** /**************************************************************************//**
   2:Drivers/CMSIS/Include/cmsis_gcc.h ****  * @file     cmsis_gcc.h
   3:Drivers/CMSIS/Include/cmsis_gcc.h ****  * @brief    CMSIS compiler GCC header file
   4:Drivers/CMSIS/Include/cmsis_gcc.h ****  * @version  V5.4.1
   5:Drivers/CMSIS/Include/cmsis_gcc.h ****  * @date     27. May 2021
   6:Drivers/CMSIS/Include/cmsis_gcc.h ****  ******************************************************************************/
   7:Drivers/CMSIS/Include/cmsis_gcc.h **** /*
   8:Drivers/CMSIS/Include/cmsis_gcc.h ****  * Copyright (c) 2009-2021 Arm Limited. All rights reserved.
   9:Drivers/CMSIS/Include/cmsis_gcc.h ****  *
  10:Drivers/CMSIS/Include/cmsis_gcc.h ****  * SPDX-License-Identifier: Apache-2.0
  11:Drivers/CMSIS/Include/cmsis_gcc.h ****  *
  12:Drivers/CMSIS/Include/cmsis_gcc.h ****  * Licensed under the Apache License, Version 2.0 (the License); you may
  13:Drivers/CMSIS/Include/cmsis_gcc.h ****  * not use this file except in compliance with the License.
  14:Drivers/CMSIS/Include/cmsis_gcc.h ****  * You may obtain a copy of the License at
  15:Drivers/CMSIS/Include/cmsis_gcc.h ****  *
  16:Drivers/CMSIS/Include/cmsis_gcc.h ****  * www.apache.org/licenses/LICENSE-2.0
  17:Drivers/CMSIS/Include/cmsis_gcc.h ****  *
  18:Drivers/CMSIS/Include/cmsis_gcc.h ****  * Unless required by applicable law or agreed to in writing, software
  19:Drivers/CMSIS/Include/cmsis_gcc.h ****  * distributed under the License is distributed on an AS IS BASIS, WITHOUT
  20:Drivers/CMSIS/Include/cmsis_gcc.h ****  * WARRANTIES OR CONDITIONS OF ANY KIND, either express or implied.
  21:Drivers/CMSIS/Include/cmsis_gcc.h ****  * See the License for the specific language governing permissions and
  22:Drivers/CMSIS/Include/cmsis_gcc.h ****  * limitations under the License.
  23:Drivers/CMSIS/Include/cmsis_gcc.h ****  */
  24:Drivers/CMSIS/Include/cmsis_gcc.h **** 
  25:Drivers/CMSIS/Include/cmsis_gcc.h **** #ifndef __CMSIS_GCC_H
  26:Drivers/CMSIS/Include/cmsis_gcc.h **** #define __CMSIS_GCC_H
  27:Drivers/CMSIS/Include/cmsis_gcc.h **** 
  28:Drivers/CMSIS/Include/cmsis_gcc.h **** /* ignore some GCC warnings */
  29:Drivers/CMSIS/Include/cmsis_gcc.h **** #pragma GCC diagnostic push
  30:Drivers/CMSIS/Include/cmsis_gcc.h **** #pragma GCC diagnostic ignored "-Wsign-conversion"
  31:Drivers/CMSIS/Include/cmsis_gcc.h **** #pragma GCC diagnostic ignored "-Wconversion"
  32:Drivers/CMSIS/Include/cmsis_gcc.h **** #pragma GCC diagnostic ignored "-Wunused-parameter"
  33:Drivers/CMSIS/Include/cmsis_gcc.h **** 
  34:Drivers/CMSIS/Include/cmsis_gcc.h **** /* Fallback for __has_builtin */
  35:Drivers/CMSIS/Include/cmsis_gcc.h **** #ifndef __has_builtin
  36:Drivers/CMSIS/Include/cmsis_gcc.h ****   #define __has_builtin(x) (0)
ARM GAS  /tmp/ccPpAxyl.s 			page 11


  37:Drivers/CMSIS/Include/cmsis_gcc.h **** #endif
  38:Drivers/CMSIS/Include/cmsis_gcc.h **** 
  39:Drivers/CMSIS/Include/cmsis_gcc.h **** /* CMSIS compiler specific defines */
  40:Drivers/CMSIS/Include/cmsis_gcc.h **** #ifndef   __ASM
  41:Drivers/CMSIS/Include/cmsis_gcc.h ****   #define __ASM                                  __asm
  42:Drivers/CMSIS/Include/cmsis_gcc.h **** #endif
  43:Drivers/CMSIS/Include/cmsis_gcc.h **** #ifndef   __INLINE
  44:Drivers/CMSIS/Include/cmsis_gcc.h ****   #define __INLINE                               inline
  45:Drivers/CMSIS/Include/cmsis_gcc.h **** #endif
  46:Drivers/CMSIS/Include/cmsis_gcc.h **** #ifndef   __STATIC_INLINE
  47:Drivers/CMSIS/Include/cmsis_gcc.h ****   #define __STATIC_INLINE                        static inline
  48:Drivers/CMSIS/Include/cmsis_gcc.h **** #endif
  49:Drivers/CMSIS/Include/cmsis_gcc.h **** #ifndef   __STATIC_FORCEINLINE
  50:Drivers/CMSIS/Include/cmsis_gcc.h ****   #define __STATIC_FORCEINLINE                   __attribute__((always_inline)) static inline
  51:Drivers/CMSIS/Include/cmsis_gcc.h **** #endif
  52:Drivers/CMSIS/Include/cmsis_gcc.h **** #ifndef   __NO_RETURN
  53:Drivers/CMSIS/Include/cmsis_gcc.h ****   #define __NO_RETURN                            __attribute__((__noreturn__))
  54:Drivers/CMSIS/Include/cmsis_gcc.h **** #endif
  55:Drivers/CMSIS/Include/cmsis_gcc.h **** #ifndef   __USED
  56:Drivers/CMSIS/Include/cmsis_gcc.h ****   #define __USED                                 __attribute__((used))
  57:Drivers/CMSIS/Include/cmsis_gcc.h **** #endif
  58:Drivers/CMSIS/Include/cmsis_gcc.h **** #ifndef   __WEAK
  59:Drivers/CMSIS/Include/cmsis_gcc.h ****   #define __WEAK                                 __attribute__((weak))
  60:Drivers/CMSIS/Include/cmsis_gcc.h **** #endif
  61:Drivers/CMSIS/Include/cmsis_gcc.h **** #ifndef   __PACKED
  62:Drivers/CMSIS/Include/cmsis_gcc.h ****   #define __PACKED                               __attribute__((packed, aligned(1)))
  63:Drivers/CMSIS/Include/cmsis_gcc.h **** #endif
  64:Drivers/CMSIS/Include/cmsis_gcc.h **** #ifndef   __PACKED_STRUCT
  65:Drivers/CMSIS/Include/cmsis_gcc.h ****   #define __PACKED_STRUCT                        struct __attribute__((packed, aligned(1)))
  66:Drivers/CMSIS/Include/cmsis_gcc.h **** #endif
  67:Drivers/CMSIS/Include/cmsis_gcc.h **** #ifndef   __PACKED_UNION
  68:Drivers/CMSIS/Include/cmsis_gcc.h ****   #define __PACKED_UNION                         union __attribute__((packed, aligned(1)))
  69:Drivers/CMSIS/Include/cmsis_gcc.h **** #endif
  70:Drivers/CMSIS/Include/cmsis_gcc.h **** #ifndef   __UNALIGNED_UINT32        /* deprecated */
  71:Drivers/CMSIS/Include/cmsis_gcc.h ****   #pragma GCC diagnostic push
  72:Drivers/CMSIS/Include/cmsis_gcc.h ****   #pragma GCC diagnostic ignored "-Wpacked"
  73:Drivers/CMSIS/Include/cmsis_gcc.h ****   #pragma GCC diagnostic ignored "-Wattributes"
  74:Drivers/CMSIS/Include/cmsis_gcc.h ****   struct __attribute__((packed)) T_UINT32 { uint32_t v; };
  75:Drivers/CMSIS/Include/cmsis_gcc.h ****   #pragma GCC diagnostic pop
  76:Drivers/CMSIS/Include/cmsis_gcc.h ****   #define __UNALIGNED_UINT32(x)                  (((struct T_UINT32 *)(x))->v)
  77:Drivers/CMSIS/Include/cmsis_gcc.h **** #endif
  78:Drivers/CMSIS/Include/cmsis_gcc.h **** #ifndef   __UNALIGNED_UINT16_WRITE
  79:Drivers/CMSIS/Include/cmsis_gcc.h ****   #pragma GCC diagnostic push
  80:Drivers/CMSIS/Include/cmsis_gcc.h ****   #pragma GCC diagnostic ignored "-Wpacked"
  81:Drivers/CMSIS/Include/cmsis_gcc.h ****   #pragma GCC diagnostic ignored "-Wattributes"
  82:Drivers/CMSIS/Include/cmsis_gcc.h ****   __PACKED_STRUCT T_UINT16_WRITE { uint16_t v; };
  83:Drivers/CMSIS/Include/cmsis_gcc.h ****   #pragma GCC diagnostic pop
  84:Drivers/CMSIS/Include/cmsis_gcc.h ****   #define __UNALIGNED_UINT16_WRITE(addr, val)    (void)((((struct T_UINT16_WRITE *)(void *)(addr))-
  85:Drivers/CMSIS/Include/cmsis_gcc.h **** #endif
  86:Drivers/CMSIS/Include/cmsis_gcc.h **** #ifndef   __UNALIGNED_UINT16_READ
  87:Drivers/CMSIS/Include/cmsis_gcc.h ****   #pragma GCC diagnostic push
  88:Drivers/CMSIS/Include/cmsis_gcc.h ****   #pragma GCC diagnostic ignored "-Wpacked"
  89:Drivers/CMSIS/Include/cmsis_gcc.h ****   #pragma GCC diagnostic ignored "-Wattributes"
  90:Drivers/CMSIS/Include/cmsis_gcc.h ****   __PACKED_STRUCT T_UINT16_READ { uint16_t v; };
  91:Drivers/CMSIS/Include/cmsis_gcc.h ****   #pragma GCC diagnostic pop
  92:Drivers/CMSIS/Include/cmsis_gcc.h ****   #define __UNALIGNED_UINT16_READ(addr)          (((const struct T_UINT16_READ *)(const void *)(add
  93:Drivers/CMSIS/Include/cmsis_gcc.h **** #endif
ARM GAS  /tmp/ccPpAxyl.s 			page 12


  94:Drivers/CMSIS/Include/cmsis_gcc.h **** #ifndef   __UNALIGNED_UINT32_WRITE
  95:Drivers/CMSIS/Include/cmsis_gcc.h ****   #pragma GCC diagnostic push
  96:Drivers/CMSIS/Include/cmsis_gcc.h ****   #pragma GCC diagnostic ignored "-Wpacked"
  97:Drivers/CMSIS/Include/cmsis_gcc.h ****   #pragma GCC diagnostic ignored "-Wattributes"
  98:Drivers/CMSIS/Include/cmsis_gcc.h ****   __PACKED_STRUCT T_UINT32_WRITE { uint32_t v; };
  99:Drivers/CMSIS/Include/cmsis_gcc.h ****   #pragma GCC diagnostic pop
 100:Drivers/CMSIS/Include/cmsis_gcc.h ****   #define __UNALIGNED_UINT32_WRITE(addr, val)    (void)((((struct T_UINT32_WRITE *)(void *)(addr))-
 101:Drivers/CMSIS/Include/cmsis_gcc.h **** #endif
 102:Drivers/CMSIS/Include/cmsis_gcc.h **** #ifndef   __UNALIGNED_UINT32_READ
 103:Drivers/CMSIS/Include/cmsis_gcc.h ****   #pragma GCC diagnostic push
 104:Drivers/CMSIS/Include/cmsis_gcc.h ****   #pragma GCC diagnostic ignored "-Wpacked"
 105:Drivers/CMSIS/Include/cmsis_gcc.h ****   #pragma GCC diagnostic ignored "-Wattributes"
 106:Drivers/CMSIS/Include/cmsis_gcc.h ****   __PACKED_STRUCT T_UINT32_READ { uint32_t v; };
 107:Drivers/CMSIS/Include/cmsis_gcc.h ****   #pragma GCC diagnostic pop
 108:Drivers/CMSIS/Include/cmsis_gcc.h ****   #define __UNALIGNED_UINT32_READ(addr)          (((const struct T_UINT32_READ *)(const void *)(add
 109:Drivers/CMSIS/Include/cmsis_gcc.h **** #endif
 110:Drivers/CMSIS/Include/cmsis_gcc.h **** #ifndef   __ALIGNED
 111:Drivers/CMSIS/Include/cmsis_gcc.h ****   #define __ALIGNED(x)                           __attribute__((aligned(x)))
 112:Drivers/CMSIS/Include/cmsis_gcc.h **** #endif
 113:Drivers/CMSIS/Include/cmsis_gcc.h **** #ifndef   __RESTRICT
 114:Drivers/CMSIS/Include/cmsis_gcc.h ****   #define __RESTRICT                             __restrict
 115:Drivers/CMSIS/Include/cmsis_gcc.h **** #endif
 116:Drivers/CMSIS/Include/cmsis_gcc.h **** #ifndef   __COMPILER_BARRIER
 117:Drivers/CMSIS/Include/cmsis_gcc.h ****   #define __COMPILER_BARRIER()                   __ASM volatile("":::"memory")
 118:Drivers/CMSIS/Include/cmsis_gcc.h **** #endif
 119:Drivers/CMSIS/Include/cmsis_gcc.h **** 
 120:Drivers/CMSIS/Include/cmsis_gcc.h **** /* #########################  Startup and Lowlevel Init  ######################## */
 121:Drivers/CMSIS/Include/cmsis_gcc.h **** 
 122:Drivers/CMSIS/Include/cmsis_gcc.h **** #ifndef __PROGRAM_START
 123:Drivers/CMSIS/Include/cmsis_gcc.h **** 
 124:Drivers/CMSIS/Include/cmsis_gcc.h **** /**
 125:Drivers/CMSIS/Include/cmsis_gcc.h ****   \brief   Initializes data and bss sections
 126:Drivers/CMSIS/Include/cmsis_gcc.h ****   \details This default implementations initialized all data and additional bss
 127:Drivers/CMSIS/Include/cmsis_gcc.h ****            sections relying on .copy.table and .zero.table specified properly
 128:Drivers/CMSIS/Include/cmsis_gcc.h ****            in the used linker script.
 129:Drivers/CMSIS/Include/cmsis_gcc.h **** 
 130:Drivers/CMSIS/Include/cmsis_gcc.h ****  */
 131:Drivers/CMSIS/Include/cmsis_gcc.h **** __STATIC_FORCEINLINE __NO_RETURN void __cmsis_start(void)
 132:Drivers/CMSIS/Include/cmsis_gcc.h **** {
 133:Drivers/CMSIS/Include/cmsis_gcc.h ****   extern void _start(void) __NO_RETURN;
 134:Drivers/CMSIS/Include/cmsis_gcc.h **** 
 135:Drivers/CMSIS/Include/cmsis_gcc.h ****   typedef struct {
 136:Drivers/CMSIS/Include/cmsis_gcc.h ****     uint32_t const* src;
 137:Drivers/CMSIS/Include/cmsis_gcc.h ****     uint32_t* dest;
 138:Drivers/CMSIS/Include/cmsis_gcc.h ****     uint32_t  wlen;
 139:Drivers/CMSIS/Include/cmsis_gcc.h ****   } __copy_table_t;
 140:Drivers/CMSIS/Include/cmsis_gcc.h **** 
 141:Drivers/CMSIS/Include/cmsis_gcc.h ****   typedef struct {
 142:Drivers/CMSIS/Include/cmsis_gcc.h ****     uint32_t* dest;
 143:Drivers/CMSIS/Include/cmsis_gcc.h ****     uint32_t  wlen;
 144:Drivers/CMSIS/Include/cmsis_gcc.h ****   } __zero_table_t;
 145:Drivers/CMSIS/Include/cmsis_gcc.h **** 
 146:Drivers/CMSIS/Include/cmsis_gcc.h ****   extern const __copy_table_t __copy_table_start__;
 147:Drivers/CMSIS/Include/cmsis_gcc.h ****   extern const __copy_table_t __copy_table_end__;
 148:Drivers/CMSIS/Include/cmsis_gcc.h ****   extern const __zero_table_t __zero_table_start__;
 149:Drivers/CMSIS/Include/cmsis_gcc.h ****   extern const __zero_table_t __zero_table_end__;
 150:Drivers/CMSIS/Include/cmsis_gcc.h **** 
ARM GAS  /tmp/ccPpAxyl.s 			page 13


 151:Drivers/CMSIS/Include/cmsis_gcc.h ****   for (__copy_table_t const* pTable = &__copy_table_start__; pTable < &__copy_table_end__; ++pTable
 152:Drivers/CMSIS/Include/cmsis_gcc.h ****     for(uint32_t i=0u; i<pTable->wlen; ++i) {
 153:Drivers/CMSIS/Include/cmsis_gcc.h ****       pTable->dest[i] = pTable->src[i];
 154:Drivers/CMSIS/Include/cmsis_gcc.h ****     }
 155:Drivers/CMSIS/Include/cmsis_gcc.h ****   }
 156:Drivers/CMSIS/Include/cmsis_gcc.h **** 
 157:Drivers/CMSIS/Include/cmsis_gcc.h ****   for (__zero_table_t const* pTable = &__zero_table_start__; pTable < &__zero_table_end__; ++pTable
 158:Drivers/CMSIS/Include/cmsis_gcc.h ****     for(uint32_t i=0u; i<pTable->wlen; ++i) {
 159:Drivers/CMSIS/Include/cmsis_gcc.h ****       pTable->dest[i] = 0u;
 160:Drivers/CMSIS/Include/cmsis_gcc.h ****     }
 161:Drivers/CMSIS/Include/cmsis_gcc.h ****   }
 162:Drivers/CMSIS/Include/cmsis_gcc.h **** 
 163:Drivers/CMSIS/Include/cmsis_gcc.h ****   _start();
 164:Drivers/CMSIS/Include/cmsis_gcc.h **** }
 165:Drivers/CMSIS/Include/cmsis_gcc.h **** 
 166:Drivers/CMSIS/Include/cmsis_gcc.h **** #define __PROGRAM_START           __cmsis_start
 167:Drivers/CMSIS/Include/cmsis_gcc.h **** #endif
 168:Drivers/CMSIS/Include/cmsis_gcc.h **** 
 169:Drivers/CMSIS/Include/cmsis_gcc.h **** #ifndef __INITIAL_SP
 170:Drivers/CMSIS/Include/cmsis_gcc.h **** #define __INITIAL_SP              __StackTop
 171:Drivers/CMSIS/Include/cmsis_gcc.h **** #endif
 172:Drivers/CMSIS/Include/cmsis_gcc.h **** 
 173:Drivers/CMSIS/Include/cmsis_gcc.h **** #ifndef __STACK_LIMIT
 174:Drivers/CMSIS/Include/cmsis_gcc.h **** #define __STACK_LIMIT             __StackLimit
 175:Drivers/CMSIS/Include/cmsis_gcc.h **** #endif
 176:Drivers/CMSIS/Include/cmsis_gcc.h **** 
 177:Drivers/CMSIS/Include/cmsis_gcc.h **** #ifndef __VECTOR_TABLE
 178:Drivers/CMSIS/Include/cmsis_gcc.h **** #define __VECTOR_TABLE            __Vectors
 179:Drivers/CMSIS/Include/cmsis_gcc.h **** #endif
 180:Drivers/CMSIS/Include/cmsis_gcc.h **** 
 181:Drivers/CMSIS/Include/cmsis_gcc.h **** #ifndef __VECTOR_TABLE_ATTRIBUTE
 182:Drivers/CMSIS/Include/cmsis_gcc.h **** #define __VECTOR_TABLE_ATTRIBUTE  __attribute__((used, section(".vectors")))
 183:Drivers/CMSIS/Include/cmsis_gcc.h **** #endif
 184:Drivers/CMSIS/Include/cmsis_gcc.h **** 
 185:Drivers/CMSIS/Include/cmsis_gcc.h **** #if defined (__ARM_FEATURE_CMSE) && (__ARM_FEATURE_CMSE == 3U)
 186:Drivers/CMSIS/Include/cmsis_gcc.h **** #ifndef __STACK_SEAL
 187:Drivers/CMSIS/Include/cmsis_gcc.h **** #define __STACK_SEAL              __StackSeal
 188:Drivers/CMSIS/Include/cmsis_gcc.h **** #endif
 189:Drivers/CMSIS/Include/cmsis_gcc.h **** 
 190:Drivers/CMSIS/Include/cmsis_gcc.h **** #ifndef __TZ_STACK_SEAL_SIZE
 191:Drivers/CMSIS/Include/cmsis_gcc.h **** #define __TZ_STACK_SEAL_SIZE      8U
 192:Drivers/CMSIS/Include/cmsis_gcc.h **** #endif
 193:Drivers/CMSIS/Include/cmsis_gcc.h **** 
 194:Drivers/CMSIS/Include/cmsis_gcc.h **** #ifndef __TZ_STACK_SEAL_VALUE
 195:Drivers/CMSIS/Include/cmsis_gcc.h **** #define __TZ_STACK_SEAL_VALUE     0xFEF5EDA5FEF5EDA5ULL
 196:Drivers/CMSIS/Include/cmsis_gcc.h **** #endif
 197:Drivers/CMSIS/Include/cmsis_gcc.h **** 
 198:Drivers/CMSIS/Include/cmsis_gcc.h **** 
 199:Drivers/CMSIS/Include/cmsis_gcc.h **** __STATIC_FORCEINLINE void __TZ_set_STACKSEAL_S (uint32_t* stackTop) {
 200:Drivers/CMSIS/Include/cmsis_gcc.h ****   *((uint64_t *)stackTop) = __TZ_STACK_SEAL_VALUE;
 201:Drivers/CMSIS/Include/cmsis_gcc.h **** }
 202:Drivers/CMSIS/Include/cmsis_gcc.h **** #endif
 203:Drivers/CMSIS/Include/cmsis_gcc.h **** 
 204:Drivers/CMSIS/Include/cmsis_gcc.h **** 
 205:Drivers/CMSIS/Include/cmsis_gcc.h **** /* ##########################  Core Instruction Access  ######################### */
 206:Drivers/CMSIS/Include/cmsis_gcc.h **** /** \defgroup CMSIS_Core_InstructionInterface CMSIS Core Instruction Interface
 207:Drivers/CMSIS/Include/cmsis_gcc.h ****   Access to dedicated instructions
ARM GAS  /tmp/ccPpAxyl.s 			page 14


 208:Drivers/CMSIS/Include/cmsis_gcc.h ****   @{
 209:Drivers/CMSIS/Include/cmsis_gcc.h **** */
 210:Drivers/CMSIS/Include/cmsis_gcc.h **** 
 211:Drivers/CMSIS/Include/cmsis_gcc.h **** /* Define macros for porting to both thumb1 and thumb2.
 212:Drivers/CMSIS/Include/cmsis_gcc.h ****  * For thumb1, use low register (r0-r7), specified by constraint "l"
 213:Drivers/CMSIS/Include/cmsis_gcc.h ****  * Otherwise, use general registers, specified by constraint "r" */
 214:Drivers/CMSIS/Include/cmsis_gcc.h **** #if defined (__thumb__) && !defined (__thumb2__)
 215:Drivers/CMSIS/Include/cmsis_gcc.h **** #define __CMSIS_GCC_OUT_REG(r) "=l" (r)
 216:Drivers/CMSIS/Include/cmsis_gcc.h **** #define __CMSIS_GCC_RW_REG(r) "+l" (r)
 217:Drivers/CMSIS/Include/cmsis_gcc.h **** #define __CMSIS_GCC_USE_REG(r) "l" (r)
 218:Drivers/CMSIS/Include/cmsis_gcc.h **** #else
 219:Drivers/CMSIS/Include/cmsis_gcc.h **** #define __CMSIS_GCC_OUT_REG(r) "=r" (r)
 220:Drivers/CMSIS/Include/cmsis_gcc.h **** #define __CMSIS_GCC_RW_REG(r) "+r" (r)
 221:Drivers/CMSIS/Include/cmsis_gcc.h **** #define __CMSIS_GCC_USE_REG(r) "r" (r)
 222:Drivers/CMSIS/Include/cmsis_gcc.h **** #endif
 223:Drivers/CMSIS/Include/cmsis_gcc.h **** 
 224:Drivers/CMSIS/Include/cmsis_gcc.h **** /**
 225:Drivers/CMSIS/Include/cmsis_gcc.h ****   \brief   No Operation
 226:Drivers/CMSIS/Include/cmsis_gcc.h ****   \details No Operation does nothing. This instruction can be used for code alignment purposes.
 227:Drivers/CMSIS/Include/cmsis_gcc.h ****  */
 228:Drivers/CMSIS/Include/cmsis_gcc.h **** #define __NOP()                             __ASM volatile ("nop")
 229:Drivers/CMSIS/Include/cmsis_gcc.h **** 
 230:Drivers/CMSIS/Include/cmsis_gcc.h **** /**
 231:Drivers/CMSIS/Include/cmsis_gcc.h ****   \brief   Wait For Interrupt
 232:Drivers/CMSIS/Include/cmsis_gcc.h ****   \details Wait For Interrupt is a hint instruction that suspends execution until one of a number o
 233:Drivers/CMSIS/Include/cmsis_gcc.h ****  */
 234:Drivers/CMSIS/Include/cmsis_gcc.h **** #define __WFI()                             __ASM volatile ("wfi":::"memory")
 235:Drivers/CMSIS/Include/cmsis_gcc.h **** 
 236:Drivers/CMSIS/Include/cmsis_gcc.h **** 
 237:Drivers/CMSIS/Include/cmsis_gcc.h **** /**
 238:Drivers/CMSIS/Include/cmsis_gcc.h ****   \brief   Wait For Event
 239:Drivers/CMSIS/Include/cmsis_gcc.h ****   \details Wait For Event is a hint instruction that permits the processor to enter
 240:Drivers/CMSIS/Include/cmsis_gcc.h ****            a low-power state until one of a number of events occurs.
 241:Drivers/CMSIS/Include/cmsis_gcc.h ****  */
 242:Drivers/CMSIS/Include/cmsis_gcc.h **** #define __WFE()                             __ASM volatile ("wfe":::"memory")
 243:Drivers/CMSIS/Include/cmsis_gcc.h **** 
 244:Drivers/CMSIS/Include/cmsis_gcc.h **** 
 245:Drivers/CMSIS/Include/cmsis_gcc.h **** /**
 246:Drivers/CMSIS/Include/cmsis_gcc.h ****   \brief   Send Event
 247:Drivers/CMSIS/Include/cmsis_gcc.h ****   \details Send Event is a hint instruction. It causes an event to be signaled to the CPU.
 248:Drivers/CMSIS/Include/cmsis_gcc.h ****  */
 249:Drivers/CMSIS/Include/cmsis_gcc.h **** #define __SEV()                             __ASM volatile ("sev")
 250:Drivers/CMSIS/Include/cmsis_gcc.h **** 
 251:Drivers/CMSIS/Include/cmsis_gcc.h **** 
 252:Drivers/CMSIS/Include/cmsis_gcc.h **** /**
 253:Drivers/CMSIS/Include/cmsis_gcc.h ****   \brief   Instruction Synchronization Barrier
 254:Drivers/CMSIS/Include/cmsis_gcc.h ****   \details Instruction Synchronization Barrier flushes the pipeline in the processor,
 255:Drivers/CMSIS/Include/cmsis_gcc.h ****            so that all instructions following the ISB are fetched from cache or memory,
 256:Drivers/CMSIS/Include/cmsis_gcc.h ****            after the instruction has been completed.
 257:Drivers/CMSIS/Include/cmsis_gcc.h ****  */
 258:Drivers/CMSIS/Include/cmsis_gcc.h **** __STATIC_FORCEINLINE void __ISB(void)
 259:Drivers/CMSIS/Include/cmsis_gcc.h **** {
 260:Drivers/CMSIS/Include/cmsis_gcc.h ****   __ASM volatile ("isb 0xF":::"memory");
 261:Drivers/CMSIS/Include/cmsis_gcc.h **** }
 262:Drivers/CMSIS/Include/cmsis_gcc.h **** 
 263:Drivers/CMSIS/Include/cmsis_gcc.h **** 
 264:Drivers/CMSIS/Include/cmsis_gcc.h **** /**
ARM GAS  /tmp/ccPpAxyl.s 			page 15


 265:Drivers/CMSIS/Include/cmsis_gcc.h ****   \brief   Data Synchronization Barrier
 266:Drivers/CMSIS/Include/cmsis_gcc.h ****   \details Acts as a special kind of Data Memory Barrier.
 267:Drivers/CMSIS/Include/cmsis_gcc.h ****            It completes when all explicit memory accesses before this instruction complete.
 268:Drivers/CMSIS/Include/cmsis_gcc.h ****  */
 269:Drivers/CMSIS/Include/cmsis_gcc.h **** __STATIC_FORCEINLINE void __DSB(void)
 270:Drivers/CMSIS/Include/cmsis_gcc.h **** {
 271:Drivers/CMSIS/Include/cmsis_gcc.h ****   __ASM volatile ("dsb 0xF":::"memory");
 272:Drivers/CMSIS/Include/cmsis_gcc.h **** }
 273:Drivers/CMSIS/Include/cmsis_gcc.h **** 
 274:Drivers/CMSIS/Include/cmsis_gcc.h **** 
 275:Drivers/CMSIS/Include/cmsis_gcc.h **** /**
 276:Drivers/CMSIS/Include/cmsis_gcc.h ****   \brief   Data Memory Barrier
 277:Drivers/CMSIS/Include/cmsis_gcc.h ****   \details Ensures the apparent order of the explicit memory operations before
 278:Drivers/CMSIS/Include/cmsis_gcc.h ****            and after the instruction, without ensuring their completion.
 279:Drivers/CMSIS/Include/cmsis_gcc.h ****  */
 280:Drivers/CMSIS/Include/cmsis_gcc.h **** __STATIC_FORCEINLINE void __DMB(void)
 281:Drivers/CMSIS/Include/cmsis_gcc.h **** {
 282:Drivers/CMSIS/Include/cmsis_gcc.h ****   __ASM volatile ("dmb 0xF":::"memory");
 283:Drivers/CMSIS/Include/cmsis_gcc.h **** }
 284:Drivers/CMSIS/Include/cmsis_gcc.h **** 
 285:Drivers/CMSIS/Include/cmsis_gcc.h **** 
 286:Drivers/CMSIS/Include/cmsis_gcc.h **** /**
 287:Drivers/CMSIS/Include/cmsis_gcc.h ****   \brief   Reverse byte order (32 bit)
 288:Drivers/CMSIS/Include/cmsis_gcc.h ****   \details Reverses the byte order in unsigned integer value. For example, 0x12345678 becomes 0x785
 289:Drivers/CMSIS/Include/cmsis_gcc.h ****   \param [in]    value  Value to reverse
 290:Drivers/CMSIS/Include/cmsis_gcc.h ****   \return               Reversed value
 291:Drivers/CMSIS/Include/cmsis_gcc.h ****  */
 292:Drivers/CMSIS/Include/cmsis_gcc.h **** __STATIC_FORCEINLINE uint32_t __REV(uint32_t value)
 293:Drivers/CMSIS/Include/cmsis_gcc.h **** {
 294:Drivers/CMSIS/Include/cmsis_gcc.h **** #if (__GNUC__ > 4) || (__GNUC__ == 4 && __GNUC_MINOR__ >= 5)
 295:Drivers/CMSIS/Include/cmsis_gcc.h ****   return __builtin_bswap32(value);
 296:Drivers/CMSIS/Include/cmsis_gcc.h **** #else
 297:Drivers/CMSIS/Include/cmsis_gcc.h ****   uint32_t result;
 298:Drivers/CMSIS/Include/cmsis_gcc.h **** 
 299:Drivers/CMSIS/Include/cmsis_gcc.h ****   __ASM ("rev %0, %1" : __CMSIS_GCC_OUT_REG (result) : __CMSIS_GCC_USE_REG (value) );
 300:Drivers/CMSIS/Include/cmsis_gcc.h ****   return result;
 301:Drivers/CMSIS/Include/cmsis_gcc.h **** #endif
 302:Drivers/CMSIS/Include/cmsis_gcc.h **** }
 303:Drivers/CMSIS/Include/cmsis_gcc.h **** 
 304:Drivers/CMSIS/Include/cmsis_gcc.h **** 
 305:Drivers/CMSIS/Include/cmsis_gcc.h **** /**
 306:Drivers/CMSIS/Include/cmsis_gcc.h ****   \brief   Reverse byte order (16 bit)
 307:Drivers/CMSIS/Include/cmsis_gcc.h ****   \details Reverses the byte order within each halfword of a word. For example, 0x12345678 becomes 
 308:Drivers/CMSIS/Include/cmsis_gcc.h ****   \param [in]    value  Value to reverse
 309:Drivers/CMSIS/Include/cmsis_gcc.h ****   \return               Reversed value
 310:Drivers/CMSIS/Include/cmsis_gcc.h ****  */
 311:Drivers/CMSIS/Include/cmsis_gcc.h **** __STATIC_FORCEINLINE uint32_t __REV16(uint32_t value)
 312:Drivers/CMSIS/Include/cmsis_gcc.h **** {
 313:Drivers/CMSIS/Include/cmsis_gcc.h ****   uint32_t result;
 314:Drivers/CMSIS/Include/cmsis_gcc.h **** 
 315:Drivers/CMSIS/Include/cmsis_gcc.h ****   __ASM ("rev16 %0, %1" : __CMSIS_GCC_OUT_REG (result) : __CMSIS_GCC_USE_REG (value) );
 316:Drivers/CMSIS/Include/cmsis_gcc.h ****   return result;
 317:Drivers/CMSIS/Include/cmsis_gcc.h **** }
 318:Drivers/CMSIS/Include/cmsis_gcc.h **** 
 319:Drivers/CMSIS/Include/cmsis_gcc.h **** 
 320:Drivers/CMSIS/Include/cmsis_gcc.h **** /**
 321:Drivers/CMSIS/Include/cmsis_gcc.h ****   \brief   Reverse byte order (16 bit)
ARM GAS  /tmp/ccPpAxyl.s 			page 16


 322:Drivers/CMSIS/Include/cmsis_gcc.h ****   \details Reverses the byte order in a 16-bit value and returns the signed 16-bit result. For exam
 323:Drivers/CMSIS/Include/cmsis_gcc.h ****   \param [in]    value  Value to reverse
 324:Drivers/CMSIS/Include/cmsis_gcc.h ****   \return               Reversed value
 325:Drivers/CMSIS/Include/cmsis_gcc.h ****  */
 326:Drivers/CMSIS/Include/cmsis_gcc.h **** __STATIC_FORCEINLINE int16_t __REVSH(int16_t value)
 327:Drivers/CMSIS/Include/cmsis_gcc.h **** {
 328:Drivers/CMSIS/Include/cmsis_gcc.h **** #if (__GNUC__ > 4) || (__GNUC__ == 4 && __GNUC_MINOR__ >= 8)
 329:Drivers/CMSIS/Include/cmsis_gcc.h ****   return (int16_t)__builtin_bswap16(value);
 330:Drivers/CMSIS/Include/cmsis_gcc.h **** #else
 331:Drivers/CMSIS/Include/cmsis_gcc.h ****   int16_t result;
 332:Drivers/CMSIS/Include/cmsis_gcc.h **** 
 333:Drivers/CMSIS/Include/cmsis_gcc.h ****   __ASM ("revsh %0, %1" : __CMSIS_GCC_OUT_REG (result) : __CMSIS_GCC_USE_REG (value) );
 334:Drivers/CMSIS/Include/cmsis_gcc.h ****   return result;
 335:Drivers/CMSIS/Include/cmsis_gcc.h **** #endif
 336:Drivers/CMSIS/Include/cmsis_gcc.h **** }
 337:Drivers/CMSIS/Include/cmsis_gcc.h **** 
 338:Drivers/CMSIS/Include/cmsis_gcc.h **** 
 339:Drivers/CMSIS/Include/cmsis_gcc.h **** /**
 340:Drivers/CMSIS/Include/cmsis_gcc.h ****   \brief   Rotate Right in unsigned value (32 bit)
 341:Drivers/CMSIS/Include/cmsis_gcc.h ****   \details Rotate Right (immediate) provides the value of the contents of a register rotated by a v
 342:Drivers/CMSIS/Include/cmsis_gcc.h ****   \param [in]    op1  Value to rotate
 343:Drivers/CMSIS/Include/cmsis_gcc.h ****   \param [in]    op2  Number of Bits to rotate
 344:Drivers/CMSIS/Include/cmsis_gcc.h ****   \return               Rotated value
 345:Drivers/CMSIS/Include/cmsis_gcc.h ****  */
 346:Drivers/CMSIS/Include/cmsis_gcc.h **** __STATIC_FORCEINLINE uint32_t __ROR(uint32_t op1, uint32_t op2)
 347:Drivers/CMSIS/Include/cmsis_gcc.h **** {
 348:Drivers/CMSIS/Include/cmsis_gcc.h ****   op2 %= 32U;
 349:Drivers/CMSIS/Include/cmsis_gcc.h ****   if (op2 == 0U)
 350:Drivers/CMSIS/Include/cmsis_gcc.h ****   {
 351:Drivers/CMSIS/Include/cmsis_gcc.h ****     return op1;
 352:Drivers/CMSIS/Include/cmsis_gcc.h ****   }
 353:Drivers/CMSIS/Include/cmsis_gcc.h ****   return (op1 >> op2) | (op1 << (32U - op2));
 354:Drivers/CMSIS/Include/cmsis_gcc.h **** }
 355:Drivers/CMSIS/Include/cmsis_gcc.h **** 
 356:Drivers/CMSIS/Include/cmsis_gcc.h **** 
 357:Drivers/CMSIS/Include/cmsis_gcc.h **** /**
 358:Drivers/CMSIS/Include/cmsis_gcc.h ****   \brief   Breakpoint
 359:Drivers/CMSIS/Include/cmsis_gcc.h ****   \details Causes the processor to enter Debug state.
 360:Drivers/CMSIS/Include/cmsis_gcc.h ****            Debug tools can use this to investigate system state when the instruction at a particula
 361:Drivers/CMSIS/Include/cmsis_gcc.h ****   \param [in]    value  is ignored by the processor.
 362:Drivers/CMSIS/Include/cmsis_gcc.h ****                  If required, a debugger can use it to store additional information about the break
 363:Drivers/CMSIS/Include/cmsis_gcc.h ****  */
 364:Drivers/CMSIS/Include/cmsis_gcc.h **** #define __BKPT(value)                       __ASM volatile ("bkpt "#value)
 365:Drivers/CMSIS/Include/cmsis_gcc.h **** 
 366:Drivers/CMSIS/Include/cmsis_gcc.h **** 
 367:Drivers/CMSIS/Include/cmsis_gcc.h **** /**
 368:Drivers/CMSIS/Include/cmsis_gcc.h ****   \brief   Reverse bit order of value
 369:Drivers/CMSIS/Include/cmsis_gcc.h ****   \details Reverses the bit order of the given value.
 370:Drivers/CMSIS/Include/cmsis_gcc.h ****   \param [in]    value  Value to reverse
 371:Drivers/CMSIS/Include/cmsis_gcc.h ****   \return               Reversed value
 372:Drivers/CMSIS/Include/cmsis_gcc.h ****  */
 373:Drivers/CMSIS/Include/cmsis_gcc.h **** __STATIC_FORCEINLINE uint32_t __RBIT(uint32_t value)
 374:Drivers/CMSIS/Include/cmsis_gcc.h **** {
 375:Drivers/CMSIS/Include/cmsis_gcc.h ****   uint32_t result;
 376:Drivers/CMSIS/Include/cmsis_gcc.h **** 
 377:Drivers/CMSIS/Include/cmsis_gcc.h **** #if ((defined (__ARM_ARCH_7M__      ) && (__ARM_ARCH_7M__      == 1)) || \
 378:Drivers/CMSIS/Include/cmsis_gcc.h ****      (defined (__ARM_ARCH_7EM__     ) && (__ARM_ARCH_7EM__     == 1)) || \
ARM GAS  /tmp/ccPpAxyl.s 			page 17


 379:Drivers/CMSIS/Include/cmsis_gcc.h ****      (defined (__ARM_ARCH_8M_MAIN__ ) && (__ARM_ARCH_8M_MAIN__ == 1))    )
 380:Drivers/CMSIS/Include/cmsis_gcc.h ****    __ASM ("rbit %0, %1" : "=r" (result) : "r" (value) );
 381:Drivers/CMSIS/Include/cmsis_gcc.h **** #else
 382:Drivers/CMSIS/Include/cmsis_gcc.h ****   uint32_t s = (4U /*sizeof(v)*/ * 8U) - 1U; /* extra shift needed at end */
 383:Drivers/CMSIS/Include/cmsis_gcc.h **** 
 384:Drivers/CMSIS/Include/cmsis_gcc.h ****   result = value;                      /* r will be reversed bits of v; first get LSB of v */
 385:Drivers/CMSIS/Include/cmsis_gcc.h ****   for (value >>= 1U; value != 0U; value >>= 1U)
 386:Drivers/CMSIS/Include/cmsis_gcc.h ****   {
 387:Drivers/CMSIS/Include/cmsis_gcc.h ****     result <<= 1U;
 388:Drivers/CMSIS/Include/cmsis_gcc.h ****     result |= value & 1U;
 389:Drivers/CMSIS/Include/cmsis_gcc.h ****     s--;
 390:Drivers/CMSIS/Include/cmsis_gcc.h ****   }
 391:Drivers/CMSIS/Include/cmsis_gcc.h ****   result <<= s;                        /* shift when v's highest bits are zero */
 392:Drivers/CMSIS/Include/cmsis_gcc.h **** #endif
 393:Drivers/CMSIS/Include/cmsis_gcc.h ****   return result;
 394:Drivers/CMSIS/Include/cmsis_gcc.h **** }
 395:Drivers/CMSIS/Include/cmsis_gcc.h **** 
 396:Drivers/CMSIS/Include/cmsis_gcc.h **** 
 397:Drivers/CMSIS/Include/cmsis_gcc.h **** /**
 398:Drivers/CMSIS/Include/cmsis_gcc.h ****   \brief   Count leading zeros
 399:Drivers/CMSIS/Include/cmsis_gcc.h ****   \details Counts the number of leading zeros of a data value.
 400:Drivers/CMSIS/Include/cmsis_gcc.h ****   \param [in]  value  Value to count the leading zeros
 401:Drivers/CMSIS/Include/cmsis_gcc.h ****   \return             number of leading zeros in value
 402:Drivers/CMSIS/Include/cmsis_gcc.h ****  */
 403:Drivers/CMSIS/Include/cmsis_gcc.h **** __STATIC_FORCEINLINE uint8_t __CLZ(uint32_t value)
 404:Drivers/CMSIS/Include/cmsis_gcc.h **** {
 405:Drivers/CMSIS/Include/cmsis_gcc.h ****   /* Even though __builtin_clz produces a CLZ instruction on ARM, formally
 406:Drivers/CMSIS/Include/cmsis_gcc.h ****      __builtin_clz(0) is undefined behaviour, so handle this case specially.
 407:Drivers/CMSIS/Include/cmsis_gcc.h ****      This guarantees ARM-compatible results if happening to compile on a non-ARM
 408:Drivers/CMSIS/Include/cmsis_gcc.h ****      target, and ensures the compiler doesn't decide to activate any
 409:Drivers/CMSIS/Include/cmsis_gcc.h ****      optimisations using the logic "value was passed to __builtin_clz, so it
 410:Drivers/CMSIS/Include/cmsis_gcc.h ****      is non-zero".
 411:Drivers/CMSIS/Include/cmsis_gcc.h ****      ARM GCC 7.3 and possibly earlier will optimise this test away, leaving a
 412:Drivers/CMSIS/Include/cmsis_gcc.h ****      single CLZ instruction.
 413:Drivers/CMSIS/Include/cmsis_gcc.h ****    */
 414:Drivers/CMSIS/Include/cmsis_gcc.h ****   if (value == 0U)
 415:Drivers/CMSIS/Include/cmsis_gcc.h ****   {
 416:Drivers/CMSIS/Include/cmsis_gcc.h ****     return 32U;
 417:Drivers/CMSIS/Include/cmsis_gcc.h ****   }
 418:Drivers/CMSIS/Include/cmsis_gcc.h ****   return __builtin_clz(value);
 419:Drivers/CMSIS/Include/cmsis_gcc.h **** }
 420:Drivers/CMSIS/Include/cmsis_gcc.h **** 
 421:Drivers/CMSIS/Include/cmsis_gcc.h **** 
 422:Drivers/CMSIS/Include/cmsis_gcc.h **** #if ((defined (__ARM_ARCH_7M__      ) && (__ARM_ARCH_7M__      == 1)) || \
 423:Drivers/CMSIS/Include/cmsis_gcc.h ****      (defined (__ARM_ARCH_7EM__     ) && (__ARM_ARCH_7EM__     == 1)) || \
 424:Drivers/CMSIS/Include/cmsis_gcc.h ****      (defined (__ARM_ARCH_8M_MAIN__ ) && (__ARM_ARCH_8M_MAIN__ == 1)) || \
 425:Drivers/CMSIS/Include/cmsis_gcc.h ****      (defined (__ARM_ARCH_8M_BASE__ ) && (__ARM_ARCH_8M_BASE__ == 1))    )
 426:Drivers/CMSIS/Include/cmsis_gcc.h **** /**
 427:Drivers/CMSIS/Include/cmsis_gcc.h ****   \brief   LDR Exclusive (8 bit)
 428:Drivers/CMSIS/Include/cmsis_gcc.h ****   \details Executes a exclusive LDR instruction for 8 bit value.
 429:Drivers/CMSIS/Include/cmsis_gcc.h ****   \param [in]    ptr  Pointer to data
 430:Drivers/CMSIS/Include/cmsis_gcc.h ****   \return             value of type uint8_t at (*ptr)
 431:Drivers/CMSIS/Include/cmsis_gcc.h ****  */
 432:Drivers/CMSIS/Include/cmsis_gcc.h **** __STATIC_FORCEINLINE uint8_t __LDREXB(volatile uint8_t *addr)
 433:Drivers/CMSIS/Include/cmsis_gcc.h **** {
 434:Drivers/CMSIS/Include/cmsis_gcc.h ****     uint32_t result;
 435:Drivers/CMSIS/Include/cmsis_gcc.h **** 
ARM GAS  /tmp/ccPpAxyl.s 			page 18


 436:Drivers/CMSIS/Include/cmsis_gcc.h **** #if (__GNUC__ > 4) || (__GNUC__ == 4 && __GNUC_MINOR__ >= 8)
 437:Drivers/CMSIS/Include/cmsis_gcc.h ****    __ASM volatile ("ldrexb %0, %1" : "=r" (result) : "Q" (*addr) );
 438:Drivers/CMSIS/Include/cmsis_gcc.h **** #else
 439:Drivers/CMSIS/Include/cmsis_gcc.h ****     /* Prior to GCC 4.8, "Q" will be expanded to [rx, #0] which is not
 440:Drivers/CMSIS/Include/cmsis_gcc.h ****        accepted by assembler. So has to use following less efficient pattern.
 441:Drivers/CMSIS/Include/cmsis_gcc.h ****     */
 442:Drivers/CMSIS/Include/cmsis_gcc.h ****    __ASM volatile ("ldrexb %0, [%1]" : "=r" (result) : "r" (addr) : "memory" );
 443:Drivers/CMSIS/Include/cmsis_gcc.h **** #endif
 444:Drivers/CMSIS/Include/cmsis_gcc.h ****    return ((uint8_t) result);    /* Add explicit type cast here */
 445:Drivers/CMSIS/Include/cmsis_gcc.h **** }
 446:Drivers/CMSIS/Include/cmsis_gcc.h **** 
 447:Drivers/CMSIS/Include/cmsis_gcc.h **** 
 448:Drivers/CMSIS/Include/cmsis_gcc.h **** /**
 449:Drivers/CMSIS/Include/cmsis_gcc.h ****   \brief   LDR Exclusive (16 bit)
 450:Drivers/CMSIS/Include/cmsis_gcc.h ****   \details Executes a exclusive LDR instruction for 16 bit values.
 451:Drivers/CMSIS/Include/cmsis_gcc.h ****   \param [in]    ptr  Pointer to data
 452:Drivers/CMSIS/Include/cmsis_gcc.h ****   \return        value of type uint16_t at (*ptr)
 453:Drivers/CMSIS/Include/cmsis_gcc.h ****  */
 454:Drivers/CMSIS/Include/cmsis_gcc.h **** __STATIC_FORCEINLINE uint16_t __LDREXH(volatile uint16_t *addr)
 455:Drivers/CMSIS/Include/cmsis_gcc.h **** {
 456:Drivers/CMSIS/Include/cmsis_gcc.h ****     uint32_t result;
 457:Drivers/CMSIS/Include/cmsis_gcc.h **** 
 458:Drivers/CMSIS/Include/cmsis_gcc.h **** #if (__GNUC__ > 4) || (__GNUC__ == 4 && __GNUC_MINOR__ >= 8)
 459:Drivers/CMSIS/Include/cmsis_gcc.h ****    __ASM volatile ("ldrexh %0, %1" : "=r" (result) : "Q" (*addr) );
 460:Drivers/CMSIS/Include/cmsis_gcc.h **** #else
 461:Drivers/CMSIS/Include/cmsis_gcc.h ****     /* Prior to GCC 4.8, "Q" will be expanded to [rx, #0] which is not
 462:Drivers/CMSIS/Include/cmsis_gcc.h ****        accepted by assembler. So has to use following less efficient pattern.
 463:Drivers/CMSIS/Include/cmsis_gcc.h ****     */
 464:Drivers/CMSIS/Include/cmsis_gcc.h ****    __ASM volatile ("ldrexh %0, [%1]" : "=r" (result) : "r" (addr) : "memory" );
 465:Drivers/CMSIS/Include/cmsis_gcc.h **** #endif
 466:Drivers/CMSIS/Include/cmsis_gcc.h ****    return ((uint16_t) result);    /* Add explicit type cast here */
 467:Drivers/CMSIS/Include/cmsis_gcc.h **** }
 468:Drivers/CMSIS/Include/cmsis_gcc.h **** 
 469:Drivers/CMSIS/Include/cmsis_gcc.h **** 
 470:Drivers/CMSIS/Include/cmsis_gcc.h **** /**
 471:Drivers/CMSIS/Include/cmsis_gcc.h ****   \brief   LDR Exclusive (32 bit)
 472:Drivers/CMSIS/Include/cmsis_gcc.h ****   \details Executes a exclusive LDR instruction for 32 bit values.
 473:Drivers/CMSIS/Include/cmsis_gcc.h ****   \param [in]    ptr  Pointer to data
 474:Drivers/CMSIS/Include/cmsis_gcc.h ****   \return        value of type uint32_t at (*ptr)
 475:Drivers/CMSIS/Include/cmsis_gcc.h ****  */
 476:Drivers/CMSIS/Include/cmsis_gcc.h **** __STATIC_FORCEINLINE uint32_t __LDREXW(volatile uint32_t *addr)
 477:Drivers/CMSIS/Include/cmsis_gcc.h **** {
 478:Drivers/CMSIS/Include/cmsis_gcc.h ****     uint32_t result;
 479:Drivers/CMSIS/Include/cmsis_gcc.h **** 
 480:Drivers/CMSIS/Include/cmsis_gcc.h ****    __ASM volatile ("ldrex %0, %1" : "=r" (result) : "Q" (*addr) );
 481:Drivers/CMSIS/Include/cmsis_gcc.h ****    return(result);
 482:Drivers/CMSIS/Include/cmsis_gcc.h **** }
 483:Drivers/CMSIS/Include/cmsis_gcc.h **** 
 484:Drivers/CMSIS/Include/cmsis_gcc.h **** 
 485:Drivers/CMSIS/Include/cmsis_gcc.h **** /**
 486:Drivers/CMSIS/Include/cmsis_gcc.h ****   \brief   STR Exclusive (8 bit)
 487:Drivers/CMSIS/Include/cmsis_gcc.h ****   \details Executes a exclusive STR instruction for 8 bit values.
 488:Drivers/CMSIS/Include/cmsis_gcc.h ****   \param [in]  value  Value to store
 489:Drivers/CMSIS/Include/cmsis_gcc.h ****   \param [in]    ptr  Pointer to location
 490:Drivers/CMSIS/Include/cmsis_gcc.h ****   \return          0  Function succeeded
 491:Drivers/CMSIS/Include/cmsis_gcc.h ****   \return          1  Function failed
 492:Drivers/CMSIS/Include/cmsis_gcc.h ****  */
ARM GAS  /tmp/ccPpAxyl.s 			page 19


 493:Drivers/CMSIS/Include/cmsis_gcc.h **** __STATIC_FORCEINLINE uint32_t __STREXB(uint8_t value, volatile uint8_t *addr)
 494:Drivers/CMSIS/Include/cmsis_gcc.h **** {
 495:Drivers/CMSIS/Include/cmsis_gcc.h ****    uint32_t result;
 496:Drivers/CMSIS/Include/cmsis_gcc.h **** 
 497:Drivers/CMSIS/Include/cmsis_gcc.h ****    __ASM volatile ("strexb %0, %2, %1" : "=&r" (result), "=Q" (*addr) : "r" ((uint32_t)value) );
 498:Drivers/CMSIS/Include/cmsis_gcc.h ****    return(result);
 499:Drivers/CMSIS/Include/cmsis_gcc.h **** }
 500:Drivers/CMSIS/Include/cmsis_gcc.h **** 
 501:Drivers/CMSIS/Include/cmsis_gcc.h **** 
 502:Drivers/CMSIS/Include/cmsis_gcc.h **** /**
 503:Drivers/CMSIS/Include/cmsis_gcc.h ****   \brief   STR Exclusive (16 bit)
 504:Drivers/CMSIS/Include/cmsis_gcc.h ****   \details Executes a exclusive STR instruction for 16 bit values.
 505:Drivers/CMSIS/Include/cmsis_gcc.h ****   \param [in]  value  Value to store
 506:Drivers/CMSIS/Include/cmsis_gcc.h ****   \param [in]    ptr  Pointer to location
 507:Drivers/CMSIS/Include/cmsis_gcc.h ****   \return          0  Function succeeded
 508:Drivers/CMSIS/Include/cmsis_gcc.h ****   \return          1  Function failed
 509:Drivers/CMSIS/Include/cmsis_gcc.h ****  */
 510:Drivers/CMSIS/Include/cmsis_gcc.h **** __STATIC_FORCEINLINE uint32_t __STREXH(uint16_t value, volatile uint16_t *addr)
 511:Drivers/CMSIS/Include/cmsis_gcc.h **** {
 512:Drivers/CMSIS/Include/cmsis_gcc.h ****    uint32_t result;
 513:Drivers/CMSIS/Include/cmsis_gcc.h **** 
 514:Drivers/CMSIS/Include/cmsis_gcc.h ****    __ASM volatile ("strexh %0, %2, %1" : "=&r" (result), "=Q" (*addr) : "r" ((uint32_t)value) );
 515:Drivers/CMSIS/Include/cmsis_gcc.h ****    return(result);
 516:Drivers/CMSIS/Include/cmsis_gcc.h **** }
 517:Drivers/CMSIS/Include/cmsis_gcc.h **** 
 518:Drivers/CMSIS/Include/cmsis_gcc.h **** 
 519:Drivers/CMSIS/Include/cmsis_gcc.h **** /**
 520:Drivers/CMSIS/Include/cmsis_gcc.h ****   \brief   STR Exclusive (32 bit)
 521:Drivers/CMSIS/Include/cmsis_gcc.h ****   \details Executes a exclusive STR instruction for 32 bit values.
 522:Drivers/CMSIS/Include/cmsis_gcc.h ****   \param [in]  value  Value to store
 523:Drivers/CMSIS/Include/cmsis_gcc.h ****   \param [in]    ptr  Pointer to location
 524:Drivers/CMSIS/Include/cmsis_gcc.h ****   \return          0  Function succeeded
 525:Drivers/CMSIS/Include/cmsis_gcc.h ****   \return          1  Function failed
 526:Drivers/CMSIS/Include/cmsis_gcc.h ****  */
 527:Drivers/CMSIS/Include/cmsis_gcc.h **** __STATIC_FORCEINLINE uint32_t __STREXW(uint32_t value, volatile uint32_t *addr)
 528:Drivers/CMSIS/Include/cmsis_gcc.h **** {
 529:Drivers/CMSIS/Include/cmsis_gcc.h ****    uint32_t result;
 530:Drivers/CMSIS/Include/cmsis_gcc.h **** 
 531:Drivers/CMSIS/Include/cmsis_gcc.h ****    __ASM volatile ("strex %0, %2, %1" : "=&r" (result), "=Q" (*addr) : "r" (value) );
 532:Drivers/CMSIS/Include/cmsis_gcc.h ****    return(result);
 533:Drivers/CMSIS/Include/cmsis_gcc.h **** }
 534:Drivers/CMSIS/Include/cmsis_gcc.h **** 
 535:Drivers/CMSIS/Include/cmsis_gcc.h **** 
 536:Drivers/CMSIS/Include/cmsis_gcc.h **** /**
 537:Drivers/CMSIS/Include/cmsis_gcc.h ****   \brief   Remove the exclusive lock
 538:Drivers/CMSIS/Include/cmsis_gcc.h ****   \details Removes the exclusive lock which is created by LDREX.
 539:Drivers/CMSIS/Include/cmsis_gcc.h ****  */
 540:Drivers/CMSIS/Include/cmsis_gcc.h **** __STATIC_FORCEINLINE void __CLREX(void)
 541:Drivers/CMSIS/Include/cmsis_gcc.h **** {
 542:Drivers/CMSIS/Include/cmsis_gcc.h ****   __ASM volatile ("clrex" ::: "memory");
 543:Drivers/CMSIS/Include/cmsis_gcc.h **** }
 544:Drivers/CMSIS/Include/cmsis_gcc.h **** 
 545:Drivers/CMSIS/Include/cmsis_gcc.h **** #endif /* ((defined (__ARM_ARCH_7M__      ) && (__ARM_ARCH_7M__      == 1)) || \
 546:Drivers/CMSIS/Include/cmsis_gcc.h ****            (defined (__ARM_ARCH_7EM__     ) && (__ARM_ARCH_7EM__     == 1)) || \
 547:Drivers/CMSIS/Include/cmsis_gcc.h ****            (defined (__ARM_ARCH_8M_MAIN__ ) && (__ARM_ARCH_8M_MAIN__ == 1)) || \
 548:Drivers/CMSIS/Include/cmsis_gcc.h ****            (defined (__ARM_ARCH_8M_BASE__ ) && (__ARM_ARCH_8M_BASE__ == 1))    ) */
 549:Drivers/CMSIS/Include/cmsis_gcc.h **** 
ARM GAS  /tmp/ccPpAxyl.s 			page 20


 550:Drivers/CMSIS/Include/cmsis_gcc.h **** 
 551:Drivers/CMSIS/Include/cmsis_gcc.h **** #if ((defined (__ARM_ARCH_7M__      ) && (__ARM_ARCH_7M__      == 1)) || \
 552:Drivers/CMSIS/Include/cmsis_gcc.h ****      (defined (__ARM_ARCH_7EM__     ) && (__ARM_ARCH_7EM__     == 1)) || \
 553:Drivers/CMSIS/Include/cmsis_gcc.h ****      (defined (__ARM_ARCH_8M_MAIN__ ) && (__ARM_ARCH_8M_MAIN__ == 1))    )
 554:Drivers/CMSIS/Include/cmsis_gcc.h **** /**
 555:Drivers/CMSIS/Include/cmsis_gcc.h ****   \brief   Signed Saturate
 556:Drivers/CMSIS/Include/cmsis_gcc.h ****   \details Saturates a signed value.
 557:Drivers/CMSIS/Include/cmsis_gcc.h ****   \param [in]  ARG1  Value to be saturated
 558:Drivers/CMSIS/Include/cmsis_gcc.h ****   \param [in]  ARG2  Bit position to saturate to (1..32)
 559:Drivers/CMSIS/Include/cmsis_gcc.h ****   \return             Saturated value
 560:Drivers/CMSIS/Include/cmsis_gcc.h ****  */
 561:Drivers/CMSIS/Include/cmsis_gcc.h **** #define __SSAT(ARG1, ARG2) \
 562:Drivers/CMSIS/Include/cmsis_gcc.h **** __extension__ \
 563:Drivers/CMSIS/Include/cmsis_gcc.h **** ({                          \
 564:Drivers/CMSIS/Include/cmsis_gcc.h ****   int32_t __RES, __ARG1 = (ARG1); \
 565:Drivers/CMSIS/Include/cmsis_gcc.h ****   __ASM volatile ("ssat %0, %1, %2" : "=r" (__RES) :  "I" (ARG2), "r" (__ARG1) : "cc" ); \
 566:Drivers/CMSIS/Include/cmsis_gcc.h ****   __RES; \
 567:Drivers/CMSIS/Include/cmsis_gcc.h ****  })
 568:Drivers/CMSIS/Include/cmsis_gcc.h **** 
 569:Drivers/CMSIS/Include/cmsis_gcc.h **** 
 570:Drivers/CMSIS/Include/cmsis_gcc.h **** /**
 571:Drivers/CMSIS/Include/cmsis_gcc.h ****   \brief   Unsigned Saturate
 572:Drivers/CMSIS/Include/cmsis_gcc.h ****   \details Saturates an unsigned value.
 573:Drivers/CMSIS/Include/cmsis_gcc.h ****   \param [in]  ARG1  Value to be saturated
 574:Drivers/CMSIS/Include/cmsis_gcc.h ****   \param [in]  ARG2  Bit position to saturate to (0..31)
 575:Drivers/CMSIS/Include/cmsis_gcc.h ****   \return             Saturated value
 576:Drivers/CMSIS/Include/cmsis_gcc.h ****  */
 577:Drivers/CMSIS/Include/cmsis_gcc.h **** #define __USAT(ARG1, ARG2) \
 578:Drivers/CMSIS/Include/cmsis_gcc.h **** __extension__ \
 579:Drivers/CMSIS/Include/cmsis_gcc.h **** ({                          \
 580:Drivers/CMSIS/Include/cmsis_gcc.h ****   uint32_t __RES, __ARG1 = (ARG1); \
 581:Drivers/CMSIS/Include/cmsis_gcc.h ****   __ASM volatile ("usat %0, %1, %2" : "=r" (__RES) :  "I" (ARG2), "r" (__ARG1) : "cc" ); \
 582:Drivers/CMSIS/Include/cmsis_gcc.h ****   __RES; \
 583:Drivers/CMSIS/Include/cmsis_gcc.h ****  })
 584:Drivers/CMSIS/Include/cmsis_gcc.h **** 
 585:Drivers/CMSIS/Include/cmsis_gcc.h **** 
 586:Drivers/CMSIS/Include/cmsis_gcc.h **** /**
 587:Drivers/CMSIS/Include/cmsis_gcc.h ****   \brief   Rotate Right with Extend (32 bit)
 588:Drivers/CMSIS/Include/cmsis_gcc.h ****   \details Moves each bit of a bitstring right by one bit.
 589:Drivers/CMSIS/Include/cmsis_gcc.h ****            The carry input is shifted in at the left end of the bitstring.
 590:Drivers/CMSIS/Include/cmsis_gcc.h ****   \param [in]    value  Value to rotate
 591:Drivers/CMSIS/Include/cmsis_gcc.h ****   \return               Rotated value
 592:Drivers/CMSIS/Include/cmsis_gcc.h ****  */
 593:Drivers/CMSIS/Include/cmsis_gcc.h **** __STATIC_FORCEINLINE uint32_t __RRX(uint32_t value)
 594:Drivers/CMSIS/Include/cmsis_gcc.h **** {
 595:Drivers/CMSIS/Include/cmsis_gcc.h ****   uint32_t result;
 596:Drivers/CMSIS/Include/cmsis_gcc.h **** 
 597:Drivers/CMSIS/Include/cmsis_gcc.h ****   __ASM volatile ("rrx %0, %1" : __CMSIS_GCC_OUT_REG (result) : __CMSIS_GCC_USE_REG (value) );
 598:Drivers/CMSIS/Include/cmsis_gcc.h ****   return(result);
 599:Drivers/CMSIS/Include/cmsis_gcc.h **** }
 600:Drivers/CMSIS/Include/cmsis_gcc.h **** 
 601:Drivers/CMSIS/Include/cmsis_gcc.h **** 
 602:Drivers/CMSIS/Include/cmsis_gcc.h **** /**
 603:Drivers/CMSIS/Include/cmsis_gcc.h ****   \brief   LDRT Unprivileged (8 bit)
 604:Drivers/CMSIS/Include/cmsis_gcc.h ****   \details Executes a Unprivileged LDRT instruction for 8 bit value.
 605:Drivers/CMSIS/Include/cmsis_gcc.h ****   \param [in]    ptr  Pointer to data
 606:Drivers/CMSIS/Include/cmsis_gcc.h ****   \return             value of type uint8_t at (*ptr)
ARM GAS  /tmp/ccPpAxyl.s 			page 21


 607:Drivers/CMSIS/Include/cmsis_gcc.h ****  */
 608:Drivers/CMSIS/Include/cmsis_gcc.h **** __STATIC_FORCEINLINE uint8_t __LDRBT(volatile uint8_t *ptr)
 609:Drivers/CMSIS/Include/cmsis_gcc.h **** {
 610:Drivers/CMSIS/Include/cmsis_gcc.h ****     uint32_t result;
 611:Drivers/CMSIS/Include/cmsis_gcc.h **** 
 612:Drivers/CMSIS/Include/cmsis_gcc.h **** #if (__GNUC__ > 4) || (__GNUC__ == 4 && __GNUC_MINOR__ >= 8)
 613:Drivers/CMSIS/Include/cmsis_gcc.h ****    __ASM volatile ("ldrbt %0, %1" : "=r" (result) : "Q" (*ptr) );
 614:Drivers/CMSIS/Include/cmsis_gcc.h **** #else
 615:Drivers/CMSIS/Include/cmsis_gcc.h ****     /* Prior to GCC 4.8, "Q" will be expanded to [rx, #0] which is not
 616:Drivers/CMSIS/Include/cmsis_gcc.h ****        accepted by assembler. So has to use following less efficient pattern.
 617:Drivers/CMSIS/Include/cmsis_gcc.h ****     */
 618:Drivers/CMSIS/Include/cmsis_gcc.h ****    __ASM volatile ("ldrbt %0, [%1]" : "=r" (result) : "r" (ptr) : "memory" );
 619:Drivers/CMSIS/Include/cmsis_gcc.h **** #endif
 620:Drivers/CMSIS/Include/cmsis_gcc.h ****    return ((uint8_t) result);    /* Add explicit type cast here */
 621:Drivers/CMSIS/Include/cmsis_gcc.h **** }
 622:Drivers/CMSIS/Include/cmsis_gcc.h **** 
 623:Drivers/CMSIS/Include/cmsis_gcc.h **** 
 624:Drivers/CMSIS/Include/cmsis_gcc.h **** /**
 625:Drivers/CMSIS/Include/cmsis_gcc.h ****   \brief   LDRT Unprivileged (16 bit)
 626:Drivers/CMSIS/Include/cmsis_gcc.h ****   \details Executes a Unprivileged LDRT instruction for 16 bit values.
 627:Drivers/CMSIS/Include/cmsis_gcc.h ****   \param [in]    ptr  Pointer to data
 628:Drivers/CMSIS/Include/cmsis_gcc.h ****   \return        value of type uint16_t at (*ptr)
 629:Drivers/CMSIS/Include/cmsis_gcc.h ****  */
 630:Drivers/CMSIS/Include/cmsis_gcc.h **** __STATIC_FORCEINLINE uint16_t __LDRHT(volatile uint16_t *ptr)
 631:Drivers/CMSIS/Include/cmsis_gcc.h **** {
 632:Drivers/CMSIS/Include/cmsis_gcc.h ****     uint32_t result;
 633:Drivers/CMSIS/Include/cmsis_gcc.h **** 
 634:Drivers/CMSIS/Include/cmsis_gcc.h **** #if (__GNUC__ > 4) || (__GNUC__ == 4 && __GNUC_MINOR__ >= 8)
 635:Drivers/CMSIS/Include/cmsis_gcc.h ****    __ASM volatile ("ldrht %0, %1" : "=r" (result) : "Q" (*ptr) );
 636:Drivers/CMSIS/Include/cmsis_gcc.h **** #else
 637:Drivers/CMSIS/Include/cmsis_gcc.h ****     /* Prior to GCC 4.8, "Q" will be expanded to [rx, #0] which is not
 638:Drivers/CMSIS/Include/cmsis_gcc.h ****        accepted by assembler. So has to use following less efficient pattern.
 639:Drivers/CMSIS/Include/cmsis_gcc.h ****     */
 640:Drivers/CMSIS/Include/cmsis_gcc.h ****    __ASM volatile ("ldrht %0, [%1]" : "=r" (result) : "r" (ptr) : "memory" );
 641:Drivers/CMSIS/Include/cmsis_gcc.h **** #endif
 642:Drivers/CMSIS/Include/cmsis_gcc.h ****    return ((uint16_t) result);    /* Add explicit type cast here */
 643:Drivers/CMSIS/Include/cmsis_gcc.h **** }
 644:Drivers/CMSIS/Include/cmsis_gcc.h **** 
 645:Drivers/CMSIS/Include/cmsis_gcc.h **** 
 646:Drivers/CMSIS/Include/cmsis_gcc.h **** /**
 647:Drivers/CMSIS/Include/cmsis_gcc.h ****   \brief   LDRT Unprivileged (32 bit)
 648:Drivers/CMSIS/Include/cmsis_gcc.h ****   \details Executes a Unprivileged LDRT instruction for 32 bit values.
 649:Drivers/CMSIS/Include/cmsis_gcc.h ****   \param [in]    ptr  Pointer to data
 650:Drivers/CMSIS/Include/cmsis_gcc.h ****   \return        value of type uint32_t at (*ptr)
 651:Drivers/CMSIS/Include/cmsis_gcc.h ****  */
 652:Drivers/CMSIS/Include/cmsis_gcc.h **** __STATIC_FORCEINLINE uint32_t __LDRT(volatile uint32_t *ptr)
 653:Drivers/CMSIS/Include/cmsis_gcc.h **** {
 654:Drivers/CMSIS/Include/cmsis_gcc.h ****     uint32_t result;
 655:Drivers/CMSIS/Include/cmsis_gcc.h **** 
 656:Drivers/CMSIS/Include/cmsis_gcc.h ****    __ASM volatile ("ldrt %0, %1" : "=r" (result) : "Q" (*ptr) );
 657:Drivers/CMSIS/Include/cmsis_gcc.h ****    return(result);
 658:Drivers/CMSIS/Include/cmsis_gcc.h **** }
 659:Drivers/CMSIS/Include/cmsis_gcc.h **** 
 660:Drivers/CMSIS/Include/cmsis_gcc.h **** 
 661:Drivers/CMSIS/Include/cmsis_gcc.h **** /**
 662:Drivers/CMSIS/Include/cmsis_gcc.h ****   \brief   STRT Unprivileged (8 bit)
 663:Drivers/CMSIS/Include/cmsis_gcc.h ****   \details Executes a Unprivileged STRT instruction for 8 bit values.
ARM GAS  /tmp/ccPpAxyl.s 			page 22


 664:Drivers/CMSIS/Include/cmsis_gcc.h ****   \param [in]  value  Value to store
 665:Drivers/CMSIS/Include/cmsis_gcc.h ****   \param [in]    ptr  Pointer to location
 666:Drivers/CMSIS/Include/cmsis_gcc.h ****  */
 667:Drivers/CMSIS/Include/cmsis_gcc.h **** __STATIC_FORCEINLINE void __STRBT(uint8_t value, volatile uint8_t *ptr)
 668:Drivers/CMSIS/Include/cmsis_gcc.h **** {
 669:Drivers/CMSIS/Include/cmsis_gcc.h ****    __ASM volatile ("strbt %1, %0" : "=Q" (*ptr) : "r" ((uint32_t)value) );
 670:Drivers/CMSIS/Include/cmsis_gcc.h **** }
 671:Drivers/CMSIS/Include/cmsis_gcc.h **** 
 672:Drivers/CMSIS/Include/cmsis_gcc.h **** 
 673:Drivers/CMSIS/Include/cmsis_gcc.h **** /**
 674:Drivers/CMSIS/Include/cmsis_gcc.h ****   \brief   STRT Unprivileged (16 bit)
 675:Drivers/CMSIS/Include/cmsis_gcc.h ****   \details Executes a Unprivileged STRT instruction for 16 bit values.
 676:Drivers/CMSIS/Include/cmsis_gcc.h ****   \param [in]  value  Value to store
 677:Drivers/CMSIS/Include/cmsis_gcc.h ****   \param [in]    ptr  Pointer to location
 678:Drivers/CMSIS/Include/cmsis_gcc.h ****  */
 679:Drivers/CMSIS/Include/cmsis_gcc.h **** __STATIC_FORCEINLINE void __STRHT(uint16_t value, volatile uint16_t *ptr)
 680:Drivers/CMSIS/Include/cmsis_gcc.h **** {
 681:Drivers/CMSIS/Include/cmsis_gcc.h ****    __ASM volatile ("strht %1, %0" : "=Q" (*ptr) : "r" ((uint32_t)value) );
 682:Drivers/CMSIS/Include/cmsis_gcc.h **** }
 683:Drivers/CMSIS/Include/cmsis_gcc.h **** 
 684:Drivers/CMSIS/Include/cmsis_gcc.h **** 
 685:Drivers/CMSIS/Include/cmsis_gcc.h **** /**
 686:Drivers/CMSIS/Include/cmsis_gcc.h ****   \brief   STRT Unprivileged (32 bit)
 687:Drivers/CMSIS/Include/cmsis_gcc.h ****   \details Executes a Unprivileged STRT instruction for 32 bit values.
 688:Drivers/CMSIS/Include/cmsis_gcc.h ****   \param [in]  value  Value to store
 689:Drivers/CMSIS/Include/cmsis_gcc.h ****   \param [in]    ptr  Pointer to location
 690:Drivers/CMSIS/Include/cmsis_gcc.h ****  */
 691:Drivers/CMSIS/Include/cmsis_gcc.h **** __STATIC_FORCEINLINE void __STRT(uint32_t value, volatile uint32_t *ptr)
 692:Drivers/CMSIS/Include/cmsis_gcc.h **** {
 693:Drivers/CMSIS/Include/cmsis_gcc.h ****    __ASM volatile ("strt %1, %0" : "=Q" (*ptr) : "r" (value) );
 694:Drivers/CMSIS/Include/cmsis_gcc.h **** }
 695:Drivers/CMSIS/Include/cmsis_gcc.h **** 
 696:Drivers/CMSIS/Include/cmsis_gcc.h **** #else  /* ((defined (__ARM_ARCH_7M__      ) && (__ARM_ARCH_7M__      == 1)) || \
 697:Drivers/CMSIS/Include/cmsis_gcc.h ****            (defined (__ARM_ARCH_7EM__     ) && (__ARM_ARCH_7EM__     == 1)) || \
 698:Drivers/CMSIS/Include/cmsis_gcc.h ****            (defined (__ARM_ARCH_8M_MAIN__ ) && (__ARM_ARCH_8M_MAIN__ == 1))    ) */
 699:Drivers/CMSIS/Include/cmsis_gcc.h **** 
 700:Drivers/CMSIS/Include/cmsis_gcc.h **** /**
 701:Drivers/CMSIS/Include/cmsis_gcc.h ****   \brief   Signed Saturate
 702:Drivers/CMSIS/Include/cmsis_gcc.h ****   \details Saturates a signed value.
 703:Drivers/CMSIS/Include/cmsis_gcc.h ****   \param [in]  value  Value to be saturated
 704:Drivers/CMSIS/Include/cmsis_gcc.h ****   \param [in]    sat  Bit position to saturate to (1..32)
 705:Drivers/CMSIS/Include/cmsis_gcc.h ****   \return             Saturated value
 706:Drivers/CMSIS/Include/cmsis_gcc.h ****  */
 707:Drivers/CMSIS/Include/cmsis_gcc.h **** __STATIC_FORCEINLINE int32_t __SSAT(int32_t val, uint32_t sat)
 708:Drivers/CMSIS/Include/cmsis_gcc.h **** {
 709:Drivers/CMSIS/Include/cmsis_gcc.h ****   if ((sat >= 1U) && (sat <= 32U))
 710:Drivers/CMSIS/Include/cmsis_gcc.h ****   {
 711:Drivers/CMSIS/Include/cmsis_gcc.h ****     const int32_t max = (int32_t)((1U << (sat - 1U)) - 1U);
 712:Drivers/CMSIS/Include/cmsis_gcc.h ****     const int32_t min = -1 - max ;
 713:Drivers/CMSIS/Include/cmsis_gcc.h ****     if (val > max)
 714:Drivers/CMSIS/Include/cmsis_gcc.h ****     {
 715:Drivers/CMSIS/Include/cmsis_gcc.h ****       return max;
 716:Drivers/CMSIS/Include/cmsis_gcc.h ****     }
 717:Drivers/CMSIS/Include/cmsis_gcc.h ****     else if (val < min)
 718:Drivers/CMSIS/Include/cmsis_gcc.h ****     {
 719:Drivers/CMSIS/Include/cmsis_gcc.h ****       return min;
 720:Drivers/CMSIS/Include/cmsis_gcc.h ****     }
ARM GAS  /tmp/ccPpAxyl.s 			page 23


 721:Drivers/CMSIS/Include/cmsis_gcc.h ****   }
 722:Drivers/CMSIS/Include/cmsis_gcc.h ****   return val;
 723:Drivers/CMSIS/Include/cmsis_gcc.h **** }
 724:Drivers/CMSIS/Include/cmsis_gcc.h **** 
 725:Drivers/CMSIS/Include/cmsis_gcc.h **** /**
 726:Drivers/CMSIS/Include/cmsis_gcc.h ****   \brief   Unsigned Saturate
 727:Drivers/CMSIS/Include/cmsis_gcc.h ****   \details Saturates an unsigned value.
 728:Drivers/CMSIS/Include/cmsis_gcc.h ****   \param [in]  value  Value to be saturated
 729:Drivers/CMSIS/Include/cmsis_gcc.h ****   \param [in]    sat  Bit position to saturate to (0..31)
 730:Drivers/CMSIS/Include/cmsis_gcc.h ****   \return             Saturated value
 731:Drivers/CMSIS/Include/cmsis_gcc.h ****  */
 732:Drivers/CMSIS/Include/cmsis_gcc.h **** __STATIC_FORCEINLINE uint32_t __USAT(int32_t val, uint32_t sat)
 733:Drivers/CMSIS/Include/cmsis_gcc.h **** {
 734:Drivers/CMSIS/Include/cmsis_gcc.h ****   if (sat <= 31U)
 735:Drivers/CMSIS/Include/cmsis_gcc.h ****   {
 736:Drivers/CMSIS/Include/cmsis_gcc.h ****     const uint32_t max = ((1U << sat) - 1U);
 737:Drivers/CMSIS/Include/cmsis_gcc.h ****     if (val > (int32_t)max)
 738:Drivers/CMSIS/Include/cmsis_gcc.h ****     {
 739:Drivers/CMSIS/Include/cmsis_gcc.h ****       return max;
 740:Drivers/CMSIS/Include/cmsis_gcc.h ****     }
 741:Drivers/CMSIS/Include/cmsis_gcc.h ****     else if (val < 0)
 742:Drivers/CMSIS/Include/cmsis_gcc.h ****     {
 743:Drivers/CMSIS/Include/cmsis_gcc.h ****       return 0U;
 744:Drivers/CMSIS/Include/cmsis_gcc.h ****     }
 745:Drivers/CMSIS/Include/cmsis_gcc.h ****   }
 746:Drivers/CMSIS/Include/cmsis_gcc.h ****   return (uint32_t)val;
 747:Drivers/CMSIS/Include/cmsis_gcc.h **** }
 748:Drivers/CMSIS/Include/cmsis_gcc.h **** 
 749:Drivers/CMSIS/Include/cmsis_gcc.h **** #endif /* ((defined (__ARM_ARCH_7M__      ) && (__ARM_ARCH_7M__      == 1)) || \
 750:Drivers/CMSIS/Include/cmsis_gcc.h ****            (defined (__ARM_ARCH_7EM__     ) && (__ARM_ARCH_7EM__     == 1)) || \
 751:Drivers/CMSIS/Include/cmsis_gcc.h ****            (defined (__ARM_ARCH_8M_MAIN__ ) && (__ARM_ARCH_8M_MAIN__ == 1))    ) */
 752:Drivers/CMSIS/Include/cmsis_gcc.h **** 
 753:Drivers/CMSIS/Include/cmsis_gcc.h **** 
 754:Drivers/CMSIS/Include/cmsis_gcc.h **** #if ((defined (__ARM_ARCH_8M_MAIN__ ) && (__ARM_ARCH_8M_MAIN__ == 1)) || \
 755:Drivers/CMSIS/Include/cmsis_gcc.h ****      (defined (__ARM_ARCH_8M_BASE__ ) && (__ARM_ARCH_8M_BASE__ == 1))    )
 756:Drivers/CMSIS/Include/cmsis_gcc.h **** /**
 757:Drivers/CMSIS/Include/cmsis_gcc.h ****   \brief   Load-Acquire (8 bit)
 758:Drivers/CMSIS/Include/cmsis_gcc.h ****   \details Executes a LDAB instruction for 8 bit value.
 759:Drivers/CMSIS/Include/cmsis_gcc.h ****   \param [in]    ptr  Pointer to data
 760:Drivers/CMSIS/Include/cmsis_gcc.h ****   \return             value of type uint8_t at (*ptr)
 761:Drivers/CMSIS/Include/cmsis_gcc.h ****  */
 762:Drivers/CMSIS/Include/cmsis_gcc.h **** __STATIC_FORCEINLINE uint8_t __LDAB(volatile uint8_t *ptr)
 763:Drivers/CMSIS/Include/cmsis_gcc.h **** {
 764:Drivers/CMSIS/Include/cmsis_gcc.h ****     uint32_t result;
 765:Drivers/CMSIS/Include/cmsis_gcc.h **** 
 766:Drivers/CMSIS/Include/cmsis_gcc.h ****    __ASM volatile ("ldab %0, %1" : "=r" (result) : "Q" (*ptr) : "memory" );
 767:Drivers/CMSIS/Include/cmsis_gcc.h ****    return ((uint8_t) result);
 768:Drivers/CMSIS/Include/cmsis_gcc.h **** }
 769:Drivers/CMSIS/Include/cmsis_gcc.h **** 
 770:Drivers/CMSIS/Include/cmsis_gcc.h **** 
 771:Drivers/CMSIS/Include/cmsis_gcc.h **** /**
 772:Drivers/CMSIS/Include/cmsis_gcc.h ****   \brief   Load-Acquire (16 bit)
 773:Drivers/CMSIS/Include/cmsis_gcc.h ****   \details Executes a LDAH instruction for 16 bit values.
 774:Drivers/CMSIS/Include/cmsis_gcc.h ****   \param [in]    ptr  Pointer to data
 775:Drivers/CMSIS/Include/cmsis_gcc.h ****   \return        value of type uint16_t at (*ptr)
 776:Drivers/CMSIS/Include/cmsis_gcc.h ****  */
 777:Drivers/CMSIS/Include/cmsis_gcc.h **** __STATIC_FORCEINLINE uint16_t __LDAH(volatile uint16_t *ptr)
ARM GAS  /tmp/ccPpAxyl.s 			page 24


 778:Drivers/CMSIS/Include/cmsis_gcc.h **** {
 779:Drivers/CMSIS/Include/cmsis_gcc.h ****     uint32_t result;
 780:Drivers/CMSIS/Include/cmsis_gcc.h **** 
 781:Drivers/CMSIS/Include/cmsis_gcc.h ****    __ASM volatile ("ldah %0, %1" : "=r" (result) : "Q" (*ptr) : "memory" );
 782:Drivers/CMSIS/Include/cmsis_gcc.h ****    return ((uint16_t) result);
 783:Drivers/CMSIS/Include/cmsis_gcc.h **** }
 784:Drivers/CMSIS/Include/cmsis_gcc.h **** 
 785:Drivers/CMSIS/Include/cmsis_gcc.h **** 
 786:Drivers/CMSIS/Include/cmsis_gcc.h **** /**
 787:Drivers/CMSIS/Include/cmsis_gcc.h ****   \brief   Load-Acquire (32 bit)
 788:Drivers/CMSIS/Include/cmsis_gcc.h ****   \details Executes a LDA instruction for 32 bit values.
 789:Drivers/CMSIS/Include/cmsis_gcc.h ****   \param [in]    ptr  Pointer to data
 790:Drivers/CMSIS/Include/cmsis_gcc.h ****   \return        value of type uint32_t at (*ptr)
 791:Drivers/CMSIS/Include/cmsis_gcc.h ****  */
 792:Drivers/CMSIS/Include/cmsis_gcc.h **** __STATIC_FORCEINLINE uint32_t __LDA(volatile uint32_t *ptr)
 793:Drivers/CMSIS/Include/cmsis_gcc.h **** {
 794:Drivers/CMSIS/Include/cmsis_gcc.h ****     uint32_t result;
 795:Drivers/CMSIS/Include/cmsis_gcc.h **** 
 796:Drivers/CMSIS/Include/cmsis_gcc.h ****    __ASM volatile ("lda %0, %1" : "=r" (result) : "Q" (*ptr) : "memory" );
 797:Drivers/CMSIS/Include/cmsis_gcc.h ****    return(result);
 798:Drivers/CMSIS/Include/cmsis_gcc.h **** }
 799:Drivers/CMSIS/Include/cmsis_gcc.h **** 
 800:Drivers/CMSIS/Include/cmsis_gcc.h **** 
 801:Drivers/CMSIS/Include/cmsis_gcc.h **** /**
 802:Drivers/CMSIS/Include/cmsis_gcc.h ****   \brief   Store-Release (8 bit)
 803:Drivers/CMSIS/Include/cmsis_gcc.h ****   \details Executes a STLB instruction for 8 bit values.
 804:Drivers/CMSIS/Include/cmsis_gcc.h ****   \param [in]  value  Value to store
 805:Drivers/CMSIS/Include/cmsis_gcc.h ****   \param [in]    ptr  Pointer to location
 806:Drivers/CMSIS/Include/cmsis_gcc.h ****  */
 807:Drivers/CMSIS/Include/cmsis_gcc.h **** __STATIC_FORCEINLINE void __STLB(uint8_t value, volatile uint8_t *ptr)
 808:Drivers/CMSIS/Include/cmsis_gcc.h **** {
 809:Drivers/CMSIS/Include/cmsis_gcc.h ****    __ASM volatile ("stlb %1, %0" : "=Q" (*ptr) : "r" ((uint32_t)value) : "memory" );
 810:Drivers/CMSIS/Include/cmsis_gcc.h **** }
 811:Drivers/CMSIS/Include/cmsis_gcc.h **** 
 812:Drivers/CMSIS/Include/cmsis_gcc.h **** 
 813:Drivers/CMSIS/Include/cmsis_gcc.h **** /**
 814:Drivers/CMSIS/Include/cmsis_gcc.h ****   \brief   Store-Release (16 bit)
 815:Drivers/CMSIS/Include/cmsis_gcc.h ****   \details Executes a STLH instruction for 16 bit values.
 816:Drivers/CMSIS/Include/cmsis_gcc.h ****   \param [in]  value  Value to store
 817:Drivers/CMSIS/Include/cmsis_gcc.h ****   \param [in]    ptr  Pointer to location
 818:Drivers/CMSIS/Include/cmsis_gcc.h ****  */
 819:Drivers/CMSIS/Include/cmsis_gcc.h **** __STATIC_FORCEINLINE void __STLH(uint16_t value, volatile uint16_t *ptr)
 820:Drivers/CMSIS/Include/cmsis_gcc.h **** {
 821:Drivers/CMSIS/Include/cmsis_gcc.h ****    __ASM volatile ("stlh %1, %0" : "=Q" (*ptr) : "r" ((uint32_t)value) : "memory" );
 822:Drivers/CMSIS/Include/cmsis_gcc.h **** }
 823:Drivers/CMSIS/Include/cmsis_gcc.h **** 
 824:Drivers/CMSIS/Include/cmsis_gcc.h **** 
 825:Drivers/CMSIS/Include/cmsis_gcc.h **** /**
 826:Drivers/CMSIS/Include/cmsis_gcc.h ****   \brief   Store-Release (32 bit)
 827:Drivers/CMSIS/Include/cmsis_gcc.h ****   \details Executes a STL instruction for 32 bit values.
 828:Drivers/CMSIS/Include/cmsis_gcc.h ****   \param [in]  value  Value to store
 829:Drivers/CMSIS/Include/cmsis_gcc.h ****   \param [in]    ptr  Pointer to location
 830:Drivers/CMSIS/Include/cmsis_gcc.h ****  */
 831:Drivers/CMSIS/Include/cmsis_gcc.h **** __STATIC_FORCEINLINE void __STL(uint32_t value, volatile uint32_t *ptr)
 832:Drivers/CMSIS/Include/cmsis_gcc.h **** {
 833:Drivers/CMSIS/Include/cmsis_gcc.h ****    __ASM volatile ("stl %1, %0" : "=Q" (*ptr) : "r" ((uint32_t)value) : "memory" );
 834:Drivers/CMSIS/Include/cmsis_gcc.h **** }
ARM GAS  /tmp/ccPpAxyl.s 			page 25


 835:Drivers/CMSIS/Include/cmsis_gcc.h **** 
 836:Drivers/CMSIS/Include/cmsis_gcc.h **** 
 837:Drivers/CMSIS/Include/cmsis_gcc.h **** /**
 838:Drivers/CMSIS/Include/cmsis_gcc.h ****   \brief   Load-Acquire Exclusive (8 bit)
 839:Drivers/CMSIS/Include/cmsis_gcc.h ****   \details Executes a LDAB exclusive instruction for 8 bit value.
 840:Drivers/CMSIS/Include/cmsis_gcc.h ****   \param [in]    ptr  Pointer to data
 841:Drivers/CMSIS/Include/cmsis_gcc.h ****   \return             value of type uint8_t at (*ptr)
 842:Drivers/CMSIS/Include/cmsis_gcc.h ****  */
 843:Drivers/CMSIS/Include/cmsis_gcc.h **** __STATIC_FORCEINLINE uint8_t __LDAEXB(volatile uint8_t *ptr)
 844:Drivers/CMSIS/Include/cmsis_gcc.h **** {
 845:Drivers/CMSIS/Include/cmsis_gcc.h ****     uint32_t result;
 846:Drivers/CMSIS/Include/cmsis_gcc.h **** 
 847:Drivers/CMSIS/Include/cmsis_gcc.h ****    __ASM volatile ("ldaexb %0, %1" : "=r" (result) : "Q" (*ptr) : "memory" );
 848:Drivers/CMSIS/Include/cmsis_gcc.h ****    return ((uint8_t) result);
 849:Drivers/CMSIS/Include/cmsis_gcc.h **** }
 850:Drivers/CMSIS/Include/cmsis_gcc.h **** 
 851:Drivers/CMSIS/Include/cmsis_gcc.h **** 
 852:Drivers/CMSIS/Include/cmsis_gcc.h **** /**
 853:Drivers/CMSIS/Include/cmsis_gcc.h ****   \brief   Load-Acquire Exclusive (16 bit)
 854:Drivers/CMSIS/Include/cmsis_gcc.h ****   \details Executes a LDAH exclusive instruction for 16 bit values.
 855:Drivers/CMSIS/Include/cmsis_gcc.h ****   \param [in]    ptr  Pointer to data
 856:Drivers/CMSIS/Include/cmsis_gcc.h ****   \return        value of type uint16_t at (*ptr)
 857:Drivers/CMSIS/Include/cmsis_gcc.h ****  */
 858:Drivers/CMSIS/Include/cmsis_gcc.h **** __STATIC_FORCEINLINE uint16_t __LDAEXH(volatile uint16_t *ptr)
 859:Drivers/CMSIS/Include/cmsis_gcc.h **** {
 860:Drivers/CMSIS/Include/cmsis_gcc.h ****     uint32_t result;
 861:Drivers/CMSIS/Include/cmsis_gcc.h **** 
 862:Drivers/CMSIS/Include/cmsis_gcc.h ****    __ASM volatile ("ldaexh %0, %1" : "=r" (result) : "Q" (*ptr) : "memory" );
 863:Drivers/CMSIS/Include/cmsis_gcc.h ****    return ((uint16_t) result);
 864:Drivers/CMSIS/Include/cmsis_gcc.h **** }
 865:Drivers/CMSIS/Include/cmsis_gcc.h **** 
 866:Drivers/CMSIS/Include/cmsis_gcc.h **** 
 867:Drivers/CMSIS/Include/cmsis_gcc.h **** /**
 868:Drivers/CMSIS/Include/cmsis_gcc.h ****   \brief   Load-Acquire Exclusive (32 bit)
 869:Drivers/CMSIS/Include/cmsis_gcc.h ****   \details Executes a LDA exclusive instruction for 32 bit values.
 870:Drivers/CMSIS/Include/cmsis_gcc.h ****   \param [in]    ptr  Pointer to data
 871:Drivers/CMSIS/Include/cmsis_gcc.h ****   \return        value of type uint32_t at (*ptr)
 872:Drivers/CMSIS/Include/cmsis_gcc.h ****  */
 873:Drivers/CMSIS/Include/cmsis_gcc.h **** __STATIC_FORCEINLINE uint32_t __LDAEX(volatile uint32_t *ptr)
 874:Drivers/CMSIS/Include/cmsis_gcc.h **** {
 875:Drivers/CMSIS/Include/cmsis_gcc.h ****     uint32_t result;
 876:Drivers/CMSIS/Include/cmsis_gcc.h **** 
 877:Drivers/CMSIS/Include/cmsis_gcc.h ****    __ASM volatile ("ldaex %0, %1" : "=r" (result) : "Q" (*ptr) : "memory" );
 878:Drivers/CMSIS/Include/cmsis_gcc.h ****    return(result);
 879:Drivers/CMSIS/Include/cmsis_gcc.h **** }
 880:Drivers/CMSIS/Include/cmsis_gcc.h **** 
 881:Drivers/CMSIS/Include/cmsis_gcc.h **** 
 882:Drivers/CMSIS/Include/cmsis_gcc.h **** /**
 883:Drivers/CMSIS/Include/cmsis_gcc.h ****   \brief   Store-Release Exclusive (8 bit)
 884:Drivers/CMSIS/Include/cmsis_gcc.h ****   \details Executes a STLB exclusive instruction for 8 bit values.
 885:Drivers/CMSIS/Include/cmsis_gcc.h ****   \param [in]  value  Value to store
 886:Drivers/CMSIS/Include/cmsis_gcc.h ****   \param [in]    ptr  Pointer to location
 887:Drivers/CMSIS/Include/cmsis_gcc.h ****   \return          0  Function succeeded
 888:Drivers/CMSIS/Include/cmsis_gcc.h ****   \return          1  Function failed
 889:Drivers/CMSIS/Include/cmsis_gcc.h ****  */
 890:Drivers/CMSIS/Include/cmsis_gcc.h **** __STATIC_FORCEINLINE uint32_t __STLEXB(uint8_t value, volatile uint8_t *ptr)
 891:Drivers/CMSIS/Include/cmsis_gcc.h **** {
ARM GAS  /tmp/ccPpAxyl.s 			page 26


 892:Drivers/CMSIS/Include/cmsis_gcc.h ****    uint32_t result;
 893:Drivers/CMSIS/Include/cmsis_gcc.h **** 
 894:Drivers/CMSIS/Include/cmsis_gcc.h ****    __ASM volatile ("stlexb %0, %2, %1" : "=&r" (result), "=Q" (*ptr) : "r" ((uint32_t)value) : "mem
 895:Drivers/CMSIS/Include/cmsis_gcc.h ****    return(result);
 896:Drivers/CMSIS/Include/cmsis_gcc.h **** }
 897:Drivers/CMSIS/Include/cmsis_gcc.h **** 
 898:Drivers/CMSIS/Include/cmsis_gcc.h **** 
 899:Drivers/CMSIS/Include/cmsis_gcc.h **** /**
 900:Drivers/CMSIS/Include/cmsis_gcc.h ****   \brief   Store-Release Exclusive (16 bit)
 901:Drivers/CMSIS/Include/cmsis_gcc.h ****   \details Executes a STLH exclusive instruction for 16 bit values.
 902:Drivers/CMSIS/Include/cmsis_gcc.h ****   \param [in]  value  Value to store
 903:Drivers/CMSIS/Include/cmsis_gcc.h ****   \param [in]    ptr  Pointer to location
 904:Drivers/CMSIS/Include/cmsis_gcc.h ****   \return          0  Function succeeded
 905:Drivers/CMSIS/Include/cmsis_gcc.h ****   \return          1  Function failed
 906:Drivers/CMSIS/Include/cmsis_gcc.h ****  */
 907:Drivers/CMSIS/Include/cmsis_gcc.h **** __STATIC_FORCEINLINE uint32_t __STLEXH(uint16_t value, volatile uint16_t *ptr)
 908:Drivers/CMSIS/Include/cmsis_gcc.h **** {
 909:Drivers/CMSIS/Include/cmsis_gcc.h ****    uint32_t result;
 910:Drivers/CMSIS/Include/cmsis_gcc.h **** 
 911:Drivers/CMSIS/Include/cmsis_gcc.h ****    __ASM volatile ("stlexh %0, %2, %1" : "=&r" (result), "=Q" (*ptr) : "r" ((uint32_t)value) : "mem
 912:Drivers/CMSIS/Include/cmsis_gcc.h ****    return(result);
 913:Drivers/CMSIS/Include/cmsis_gcc.h **** }
 914:Drivers/CMSIS/Include/cmsis_gcc.h **** 
 915:Drivers/CMSIS/Include/cmsis_gcc.h **** 
 916:Drivers/CMSIS/Include/cmsis_gcc.h **** /**
 917:Drivers/CMSIS/Include/cmsis_gcc.h ****   \brief   Store-Release Exclusive (32 bit)
 918:Drivers/CMSIS/Include/cmsis_gcc.h ****   \details Executes a STL exclusive instruction for 32 bit values.
 919:Drivers/CMSIS/Include/cmsis_gcc.h ****   \param [in]  value  Value to store
 920:Drivers/CMSIS/Include/cmsis_gcc.h ****   \param [in]    ptr  Pointer to location
 921:Drivers/CMSIS/Include/cmsis_gcc.h ****   \return          0  Function succeeded
 922:Drivers/CMSIS/Include/cmsis_gcc.h ****   \return          1  Function failed
 923:Drivers/CMSIS/Include/cmsis_gcc.h ****  */
 924:Drivers/CMSIS/Include/cmsis_gcc.h **** __STATIC_FORCEINLINE uint32_t __STLEX(uint32_t value, volatile uint32_t *ptr)
 925:Drivers/CMSIS/Include/cmsis_gcc.h **** {
 926:Drivers/CMSIS/Include/cmsis_gcc.h ****    uint32_t result;
 927:Drivers/CMSIS/Include/cmsis_gcc.h **** 
 928:Drivers/CMSIS/Include/cmsis_gcc.h ****    __ASM volatile ("stlex %0, %2, %1" : "=&r" (result), "=Q" (*ptr) : "r" ((uint32_t)value) : "memo
 929:Drivers/CMSIS/Include/cmsis_gcc.h ****    return(result);
 930:Drivers/CMSIS/Include/cmsis_gcc.h **** }
 931:Drivers/CMSIS/Include/cmsis_gcc.h **** 
 932:Drivers/CMSIS/Include/cmsis_gcc.h **** #endif /* ((defined (__ARM_ARCH_8M_MAIN__ ) && (__ARM_ARCH_8M_MAIN__ == 1)) || \
 933:Drivers/CMSIS/Include/cmsis_gcc.h ****            (defined (__ARM_ARCH_8M_BASE__ ) && (__ARM_ARCH_8M_BASE__ == 1))    ) */
 934:Drivers/CMSIS/Include/cmsis_gcc.h **** 
 935:Drivers/CMSIS/Include/cmsis_gcc.h **** /*@}*/ /* end of group CMSIS_Core_InstructionInterface */
 936:Drivers/CMSIS/Include/cmsis_gcc.h **** 
 937:Drivers/CMSIS/Include/cmsis_gcc.h **** 
 938:Drivers/CMSIS/Include/cmsis_gcc.h **** /* ###########################  Core Function Access  ########################### */
 939:Drivers/CMSIS/Include/cmsis_gcc.h **** /** \ingroup  CMSIS_Core_FunctionInterface
 940:Drivers/CMSIS/Include/cmsis_gcc.h ****     \defgroup CMSIS_Core_RegAccFunctions CMSIS Core Register Access Functions
 941:Drivers/CMSIS/Include/cmsis_gcc.h ****   @{
 942:Drivers/CMSIS/Include/cmsis_gcc.h ****  */
 943:Drivers/CMSIS/Include/cmsis_gcc.h **** 
 944:Drivers/CMSIS/Include/cmsis_gcc.h **** /**
 945:Drivers/CMSIS/Include/cmsis_gcc.h ****   \brief   Enable IRQ Interrupts
 946:Drivers/CMSIS/Include/cmsis_gcc.h ****   \details Enables IRQ interrupts by clearing special-purpose register PRIMASK.
 947:Drivers/CMSIS/Include/cmsis_gcc.h ****            Can only be executed in Privileged modes.
 948:Drivers/CMSIS/Include/cmsis_gcc.h ****  */
ARM GAS  /tmp/ccPpAxyl.s 			page 27


 949:Drivers/CMSIS/Include/cmsis_gcc.h **** __STATIC_FORCEINLINE void __enable_irq(void)
 950:Drivers/CMSIS/Include/cmsis_gcc.h **** {
 951:Drivers/CMSIS/Include/cmsis_gcc.h ****   __ASM volatile ("cpsie i" : : : "memory");
 952:Drivers/CMSIS/Include/cmsis_gcc.h **** }
 953:Drivers/CMSIS/Include/cmsis_gcc.h **** 
 954:Drivers/CMSIS/Include/cmsis_gcc.h **** 
 955:Drivers/CMSIS/Include/cmsis_gcc.h **** /**
 956:Drivers/CMSIS/Include/cmsis_gcc.h ****   \brief   Disable IRQ Interrupts
 957:Drivers/CMSIS/Include/cmsis_gcc.h ****   \details Disables IRQ interrupts by setting special-purpose register PRIMASK.
 958:Drivers/CMSIS/Include/cmsis_gcc.h ****            Can only be executed in Privileged modes.
 959:Drivers/CMSIS/Include/cmsis_gcc.h ****  */
 960:Drivers/CMSIS/Include/cmsis_gcc.h **** __STATIC_FORCEINLINE void __disable_irq(void)
 236              		.loc 2 960 27 view .LVU55
 237              	.LBB9:
 961:Drivers/CMSIS/Include/cmsis_gcc.h **** {
 962:Drivers/CMSIS/Include/cmsis_gcc.h ****   __ASM volatile ("cpsid i" : : : "memory");
 238              		.loc 2 962 3 view .LVU56
 239              		.syntax unified
 240              	@ 962 "Drivers/CMSIS/Include/cmsis_gcc.h" 1
 241 0000 72B6     		cpsid i
 242              	@ 0 "" 2
 243              		.thumb
 244              		.syntax unified
 245              	.L10:
 246              	.LBE9:
 247              	.LBE8:
 297:Core/Src/main.c ****   while (1)
 248              		.loc 1 297 3 view .LVU57
 298:Core/Src/main.c ****   {
 299:Core/Src/main.c ****   }
 249              		.loc 1 299 3 view .LVU58
 297:Core/Src/main.c ****   while (1)
 250              		.loc 1 297 9 view .LVU59
 251 0002 FEE7     		b	.L10
 252              		.cfi_endproc
 253              	.LFE143:
 255              		.section	.text.MX_SPI2_Init,"ax",%progbits
 256              		.align	1
 257              		.syntax unified
 258              		.thumb
 259              		.thumb_func
 261              	MX_SPI2_Init:
 262              	.LFB140:
 180:Core/Src/main.c **** 
 263              		.loc 1 180 1 view -0
 264              		.cfi_startproc
 265              		@ args = 0, pretend = 0, frame = 0
 266              		@ frame_needed = 0, uses_anonymous_args = 0
 267 0000 08B5     		push	{r3, lr}
 268              	.LCFI4:
 269              		.cfi_def_cfa_offset 8
 270              		.cfi_offset 3, -8
 271              		.cfi_offset 14, -4
 190:Core/Src/main.c ****   hspi2.Init.Mode = SPI_MODE_MASTER;
 272              		.loc 1 190 3 view .LVU61
 190:Core/Src/main.c ****   hspi2.Init.Mode = SPI_MODE_MASTER;
 273              		.loc 1 190 18 is_stmt 0 view .LVU62
ARM GAS  /tmp/ccPpAxyl.s 			page 28


 274 0002 0D48     		ldr	r0, .L15
 275 0004 0D4B     		ldr	r3, .L15+4
 276 0006 0360     		str	r3, [r0]
 191:Core/Src/main.c ****   hspi2.Init.Direction = SPI_DIRECTION_2LINES;
 277              		.loc 1 191 3 is_stmt 1 view .LVU63
 191:Core/Src/main.c ****   hspi2.Init.Direction = SPI_DIRECTION_2LINES;
 278              		.loc 1 191 19 is_stmt 0 view .LVU64
 279 0008 4FF48273 		mov	r3, #260
 280 000c 4360     		str	r3, [r0, #4]
 192:Core/Src/main.c ****   hspi2.Init.DataSize = SPI_DATASIZE_8BIT;
 281              		.loc 1 192 3 is_stmt 1 view .LVU65
 192:Core/Src/main.c ****   hspi2.Init.DataSize = SPI_DATASIZE_8BIT;
 282              		.loc 1 192 24 is_stmt 0 view .LVU66
 283 000e 0023     		movs	r3, #0
 284 0010 8360     		str	r3, [r0, #8]
 193:Core/Src/main.c ****   hspi2.Init.CLKPolarity = SPI_POLARITY_LOW;
 285              		.loc 1 193 3 is_stmt 1 view .LVU67
 193:Core/Src/main.c ****   hspi2.Init.CLKPolarity = SPI_POLARITY_LOW;
 286              		.loc 1 193 23 is_stmt 0 view .LVU68
 287 0012 C360     		str	r3, [r0, #12]
 194:Core/Src/main.c ****   hspi2.Init.CLKPhase = SPI_PHASE_1EDGE;
 288              		.loc 1 194 3 is_stmt 1 view .LVU69
 194:Core/Src/main.c ****   hspi2.Init.CLKPhase = SPI_PHASE_1EDGE;
 289              		.loc 1 194 26 is_stmt 0 view .LVU70
 290 0014 0361     		str	r3, [r0, #16]
 195:Core/Src/main.c ****   hspi2.Init.NSS = SPI_NSS_SOFT;
 291              		.loc 1 195 3 is_stmt 1 view .LVU71
 195:Core/Src/main.c ****   hspi2.Init.NSS = SPI_NSS_SOFT;
 292              		.loc 1 195 23 is_stmt 0 view .LVU72
 293 0016 4361     		str	r3, [r0, #20]
 196:Core/Src/main.c ****   hspi2.Init.BaudRatePrescaler = SPI_BAUDRATEPRESCALER_4;
 294              		.loc 1 196 3 is_stmt 1 view .LVU73
 196:Core/Src/main.c ****   hspi2.Init.BaudRatePrescaler = SPI_BAUDRATEPRESCALER_4;
 295              		.loc 1 196 18 is_stmt 0 view .LVU74
 296 0018 4FF40072 		mov	r2, #512
 297 001c 8261     		str	r2, [r0, #24]
 197:Core/Src/main.c ****   hspi2.Init.FirstBit = SPI_FIRSTBIT_MSB;
 298              		.loc 1 197 3 is_stmt 1 view .LVU75
 197:Core/Src/main.c ****   hspi2.Init.FirstBit = SPI_FIRSTBIT_MSB;
 299              		.loc 1 197 32 is_stmt 0 view .LVU76
 300 001e 0822     		movs	r2, #8
 301 0020 C261     		str	r2, [r0, #28]
 198:Core/Src/main.c ****   hspi2.Init.TIMode = SPI_TIMODE_DISABLE;
 302              		.loc 1 198 3 is_stmt 1 view .LVU77
 198:Core/Src/main.c ****   hspi2.Init.TIMode = SPI_TIMODE_DISABLE;
 303              		.loc 1 198 23 is_stmt 0 view .LVU78
 304 0022 0362     		str	r3, [r0, #32]
 199:Core/Src/main.c ****   hspi2.Init.CRCCalculation = SPI_CRCCALCULATION_DISABLE;
 305              		.loc 1 199 3 is_stmt 1 view .LVU79
 199:Core/Src/main.c ****   hspi2.Init.CRCCalculation = SPI_CRCCALCULATION_DISABLE;
 306              		.loc 1 199 21 is_stmt 0 view .LVU80
 307 0024 4362     		str	r3, [r0, #36]
 200:Core/Src/main.c ****   hspi2.Init.CRCPolynomial = 10;
 308              		.loc 1 200 3 is_stmt 1 view .LVU81
 200:Core/Src/main.c ****   hspi2.Init.CRCPolynomial = 10;
 309              		.loc 1 200 29 is_stmt 0 view .LVU82
 310 0026 8362     		str	r3, [r0, #40]
ARM GAS  /tmp/ccPpAxyl.s 			page 29


 201:Core/Src/main.c ****   if (HAL_SPI_Init(&hspi2) != HAL_OK)
 311              		.loc 1 201 3 is_stmt 1 view .LVU83
 201:Core/Src/main.c ****   if (HAL_SPI_Init(&hspi2) != HAL_OK)
 312              		.loc 1 201 28 is_stmt 0 view .LVU84
 313 0028 0A23     		movs	r3, #10
 314 002a C362     		str	r3, [r0, #44]
 202:Core/Src/main.c ****   {
 315              		.loc 1 202 3 is_stmt 1 view .LVU85
 202:Core/Src/main.c ****   {
 316              		.loc 1 202 7 is_stmt 0 view .LVU86
 317 002c FFF7FEFF 		bl	HAL_SPI_Init
 318              	.LVL8:
 202:Core/Src/main.c ****   {
 319              		.loc 1 202 6 discriminator 1 view .LVU87
 320 0030 00B9     		cbnz	r0, .L14
 210:Core/Src/main.c **** 
 321              		.loc 1 210 1 view .LVU88
 322 0032 08BD     		pop	{r3, pc}
 323              	.L14:
 204:Core/Src/main.c ****   }
 324              		.loc 1 204 5 is_stmt 1 view .LVU89
 325 0034 FFF7FEFF 		bl	Error_Handler
 326              	.LVL9:
 327              	.L16:
 328              		.align	2
 329              	.L15:
 330 0038 00000000 		.word	hspi2
 331 003c 00380040 		.word	1073756160
 332              		.cfi_endproc
 333              	.LFE140:
 335              		.section	.text.MX_USART2_UART_Init,"ax",%progbits
 336              		.align	1
 337              		.syntax unified
 338              		.thumb
 339              		.thumb_func
 341              	MX_USART2_UART_Init:
 342              	.LFB141:
 218:Core/Src/main.c **** 
 343              		.loc 1 218 1 view -0
 344              		.cfi_startproc
 345              		@ args = 0, pretend = 0, frame = 0
 346              		@ frame_needed = 0, uses_anonymous_args = 0
 347 0000 08B5     		push	{r3, lr}
 348              	.LCFI5:
 349              		.cfi_def_cfa_offset 8
 350              		.cfi_offset 3, -8
 351              		.cfi_offset 14, -4
 227:Core/Src/main.c ****   huart2.Init.BaudRate = 115200;
 352              		.loc 1 227 3 view .LVU91
 227:Core/Src/main.c ****   huart2.Init.BaudRate = 115200;
 353              		.loc 1 227 19 is_stmt 0 view .LVU92
 354 0002 0A48     		ldr	r0, .L21
 355 0004 0A4B     		ldr	r3, .L21+4
 356 0006 0360     		str	r3, [r0]
 228:Core/Src/main.c ****   huart2.Init.WordLength = UART_WORDLENGTH_8B;
 357              		.loc 1 228 3 is_stmt 1 view .LVU93
 228:Core/Src/main.c ****   huart2.Init.WordLength = UART_WORDLENGTH_8B;
ARM GAS  /tmp/ccPpAxyl.s 			page 30


 358              		.loc 1 228 24 is_stmt 0 view .LVU94
 359 0008 4FF4E133 		mov	r3, #115200
 360 000c 4360     		str	r3, [r0, #4]
 229:Core/Src/main.c ****   huart2.Init.StopBits = UART_STOPBITS_1;
 361              		.loc 1 229 3 is_stmt 1 view .LVU95
 229:Core/Src/main.c ****   huart2.Init.StopBits = UART_STOPBITS_1;
 362              		.loc 1 229 26 is_stmt 0 view .LVU96
 363 000e 0023     		movs	r3, #0
 364 0010 8360     		str	r3, [r0, #8]
 230:Core/Src/main.c ****   huart2.Init.Parity = UART_PARITY_NONE;
 365              		.loc 1 230 3 is_stmt 1 view .LVU97
 230:Core/Src/main.c ****   huart2.Init.Parity = UART_PARITY_NONE;
 366              		.loc 1 230 24 is_stmt 0 view .LVU98
 367 0012 C360     		str	r3, [r0, #12]
 231:Core/Src/main.c ****   huart2.Init.Mode = UART_MODE_TX_RX;
 368              		.loc 1 231 3 is_stmt 1 view .LVU99
 231:Core/Src/main.c ****   huart2.Init.Mode = UART_MODE_TX_RX;
 369              		.loc 1 231 22 is_stmt 0 view .LVU100
 370 0014 0361     		str	r3, [r0, #16]
 232:Core/Src/main.c ****   huart2.Init.HwFlowCtl = UART_HWCONTROL_NONE;
 371              		.loc 1 232 3 is_stmt 1 view .LVU101
 232:Core/Src/main.c ****   huart2.Init.HwFlowCtl = UART_HWCONTROL_NONE;
 372              		.loc 1 232 20 is_stmt 0 view .LVU102
 373 0016 0C22     		movs	r2, #12
 374 0018 4261     		str	r2, [r0, #20]
 233:Core/Src/main.c ****   huart2.Init.OverSampling = UART_OVERSAMPLING_16;
 375              		.loc 1 233 3 is_stmt 1 view .LVU103
 233:Core/Src/main.c ****   huart2.Init.OverSampling = UART_OVERSAMPLING_16;
 376              		.loc 1 233 25 is_stmt 0 view .LVU104
 377 001a 8361     		str	r3, [r0, #24]
 234:Core/Src/main.c ****   if (HAL_UART_Init(&huart2) != HAL_OK)
 378              		.loc 1 234 3 is_stmt 1 view .LVU105
 234:Core/Src/main.c ****   if (HAL_UART_Init(&huart2) != HAL_OK)
 379              		.loc 1 234 28 is_stmt 0 view .LVU106
 380 001c C361     		str	r3, [r0, #28]
 235:Core/Src/main.c ****   {
 381              		.loc 1 235 3 is_stmt 1 view .LVU107
 235:Core/Src/main.c ****   {
 382              		.loc 1 235 7 is_stmt 0 view .LVU108
 383 001e FFF7FEFF 		bl	HAL_UART_Init
 384              	.LVL10:
 235:Core/Src/main.c ****   {
 385              		.loc 1 235 6 discriminator 1 view .LVU109
 386 0022 00B9     		cbnz	r0, .L20
 243:Core/Src/main.c **** 
 387              		.loc 1 243 1 view .LVU110
 388 0024 08BD     		pop	{r3, pc}
 389              	.L20:
 237:Core/Src/main.c ****   }
 390              		.loc 1 237 5 is_stmt 1 view .LVU111
 391 0026 FFF7FEFF 		bl	Error_Handler
 392              	.LVL11:
 393              	.L22:
 394 002a 00BF     		.align	2
 395              	.L21:
 396 002c 00000000 		.word	huart2
 397 0030 00440040 		.word	1073759232
ARM GAS  /tmp/ccPpAxyl.s 			page 31


 398              		.cfi_endproc
 399              	.LFE141:
 401              		.section	.text.SystemClock_Config,"ax",%progbits
 402              		.align	1
 403              		.global	SystemClock_Config
 404              		.syntax unified
 405              		.thumb
 406              		.thumb_func
 408              	SystemClock_Config:
 409              	.LFB139:
 133:Core/Src/main.c ****   RCC_OscInitTypeDef RCC_OscInitStruct = {0};
 410              		.loc 1 133 1 view -0
 411              		.cfi_startproc
 412              		@ args = 0, pretend = 0, frame = 80
 413              		@ frame_needed = 0, uses_anonymous_args = 0
 414 0000 10B5     		push	{r4, lr}
 415              	.LCFI6:
 416              		.cfi_def_cfa_offset 8
 417              		.cfi_offset 4, -8
 418              		.cfi_offset 14, -4
 419 0002 94B0     		sub	sp, sp, #80
 420              	.LCFI7:
 421              		.cfi_def_cfa_offset 88
 134:Core/Src/main.c ****   RCC_ClkInitTypeDef RCC_ClkInitStruct = {0};
 422              		.loc 1 134 3 view .LVU113
 134:Core/Src/main.c ****   RCC_ClkInitTypeDef RCC_ClkInitStruct = {0};
 423              		.loc 1 134 22 is_stmt 0 view .LVU114
 424 0004 08AC     		add	r4, sp, #32
 425 0006 3022     		movs	r2, #48
 426 0008 0021     		movs	r1, #0
 427 000a 2046     		mov	r0, r4
 428 000c FFF7FEFF 		bl	memset
 429              	.LVL12:
 135:Core/Src/main.c **** 
 430              		.loc 1 135 3 is_stmt 1 view .LVU115
 135:Core/Src/main.c **** 
 431              		.loc 1 135 22 is_stmt 0 view .LVU116
 432 0010 0023     		movs	r3, #0
 433 0012 0393     		str	r3, [sp, #12]
 434 0014 0493     		str	r3, [sp, #16]
 435 0016 0593     		str	r3, [sp, #20]
 436 0018 0693     		str	r3, [sp, #24]
 437 001a 0793     		str	r3, [sp, #28]
 139:Core/Src/main.c ****   __HAL_PWR_VOLTAGESCALING_CONFIG(PWR_REGULATOR_VOLTAGE_SCALE1);
 438              		.loc 1 139 3 is_stmt 1 view .LVU117
 439              	.LBB10:
 139:Core/Src/main.c ****   __HAL_PWR_VOLTAGESCALING_CONFIG(PWR_REGULATOR_VOLTAGE_SCALE1);
 440              		.loc 1 139 3 view .LVU118
 441 001c 0193     		str	r3, [sp, #4]
 139:Core/Src/main.c ****   __HAL_PWR_VOLTAGESCALING_CONFIG(PWR_REGULATOR_VOLTAGE_SCALE1);
 442              		.loc 1 139 3 view .LVU119
 443 001e 1D4A     		ldr	r2, .L29
 444 0020 116C     		ldr	r1, [r2, #64]
 445 0022 41F08051 		orr	r1, r1, #268435456
 446 0026 1164     		str	r1, [r2, #64]
 139:Core/Src/main.c ****   __HAL_PWR_VOLTAGESCALING_CONFIG(PWR_REGULATOR_VOLTAGE_SCALE1);
 447              		.loc 1 139 3 view .LVU120
ARM GAS  /tmp/ccPpAxyl.s 			page 32


 448 0028 126C     		ldr	r2, [r2, #64]
 449 002a 02F08052 		and	r2, r2, #268435456
 450 002e 0192     		str	r2, [sp, #4]
 139:Core/Src/main.c ****   __HAL_PWR_VOLTAGESCALING_CONFIG(PWR_REGULATOR_VOLTAGE_SCALE1);
 451              		.loc 1 139 3 view .LVU121
 452 0030 019A     		ldr	r2, [sp, #4]
 453              	.LBE10:
 139:Core/Src/main.c ****   __HAL_PWR_VOLTAGESCALING_CONFIG(PWR_REGULATOR_VOLTAGE_SCALE1);
 454              		.loc 1 139 3 view .LVU122
 140:Core/Src/main.c **** 
 455              		.loc 1 140 3 view .LVU123
 456              	.LBB11:
 140:Core/Src/main.c **** 
 457              		.loc 1 140 3 view .LVU124
 458 0032 0293     		str	r3, [sp, #8]
 140:Core/Src/main.c **** 
 459              		.loc 1 140 3 view .LVU125
 460 0034 184A     		ldr	r2, .L29+4
 461 0036 1168     		ldr	r1, [r2]
 462 0038 41F44041 		orr	r1, r1, #49152
 463 003c 1160     		str	r1, [r2]
 140:Core/Src/main.c **** 
 464              		.loc 1 140 3 view .LVU126
 465 003e 1268     		ldr	r2, [r2]
 466 0040 02F44042 		and	r2, r2, #49152
 467 0044 0292     		str	r2, [sp, #8]
 140:Core/Src/main.c **** 
 468              		.loc 1 140 3 view .LVU127
 469 0046 029A     		ldr	r2, [sp, #8]
 470              	.LBE11:
 140:Core/Src/main.c **** 
 471              		.loc 1 140 3 view .LVU128
 145:Core/Src/main.c ****   RCC_OscInitStruct.HSIState = RCC_HSI_ON;
 472              		.loc 1 145 3 view .LVU129
 145:Core/Src/main.c ****   RCC_OscInitStruct.HSIState = RCC_HSI_ON;
 473              		.loc 1 145 36 is_stmt 0 view .LVU130
 474 0048 0221     		movs	r1, #2
 475 004a 0891     		str	r1, [sp, #32]
 146:Core/Src/main.c ****   RCC_OscInitStruct.HSICalibrationValue = RCC_HSICALIBRATION_DEFAULT;
 476              		.loc 1 146 3 is_stmt 1 view .LVU131
 146:Core/Src/main.c ****   RCC_OscInitStruct.HSICalibrationValue = RCC_HSICALIBRATION_DEFAULT;
 477              		.loc 1 146 30 is_stmt 0 view .LVU132
 478 004c 0122     		movs	r2, #1
 479 004e 0B92     		str	r2, [sp, #44]
 147:Core/Src/main.c ****   RCC_OscInitStruct.PLL.PLLState = RCC_PLL_ON;
 480              		.loc 1 147 3 is_stmt 1 view .LVU133
 147:Core/Src/main.c ****   RCC_OscInitStruct.PLL.PLLState = RCC_PLL_ON;
 481              		.loc 1 147 41 is_stmt 0 view .LVU134
 482 0050 1022     		movs	r2, #16
 483 0052 0C92     		str	r2, [sp, #48]
 148:Core/Src/main.c ****   RCC_OscInitStruct.PLL.PLLSource = RCC_PLLSOURCE_HSI;
 484              		.loc 1 148 3 is_stmt 1 view .LVU135
 148:Core/Src/main.c ****   RCC_OscInitStruct.PLL.PLLSource = RCC_PLLSOURCE_HSI;
 485              		.loc 1 148 34 is_stmt 0 view .LVU136
 486 0054 0E91     		str	r1, [sp, #56]
 149:Core/Src/main.c ****   RCC_OscInitStruct.PLL.PLLM = 16;
 487              		.loc 1 149 3 is_stmt 1 view .LVU137
ARM GAS  /tmp/ccPpAxyl.s 			page 33


 149:Core/Src/main.c ****   RCC_OscInitStruct.PLL.PLLM = 16;
 488              		.loc 1 149 35 is_stmt 0 view .LVU138
 489 0056 0F93     		str	r3, [sp, #60]
 150:Core/Src/main.c ****   RCC_OscInitStruct.PLL.PLLN = 336;
 490              		.loc 1 150 3 is_stmt 1 view .LVU139
 150:Core/Src/main.c ****   RCC_OscInitStruct.PLL.PLLN = 336;
 491              		.loc 1 150 30 is_stmt 0 view .LVU140
 492 0058 1092     		str	r2, [sp, #64]
 151:Core/Src/main.c ****   RCC_OscInitStruct.PLL.PLLP = RCC_PLLP_DIV4;
 493              		.loc 1 151 3 is_stmt 1 view .LVU141
 151:Core/Src/main.c ****   RCC_OscInitStruct.PLL.PLLP = RCC_PLLP_DIV4;
 494              		.loc 1 151 30 is_stmt 0 view .LVU142
 495 005a 4FF4A873 		mov	r3, #336
 496 005e 1193     		str	r3, [sp, #68]
 152:Core/Src/main.c ****   RCC_OscInitStruct.PLL.PLLQ = 4;
 497              		.loc 1 152 3 is_stmt 1 view .LVU143
 152:Core/Src/main.c ****   RCC_OscInitStruct.PLL.PLLQ = 4;
 498              		.loc 1 152 30 is_stmt 0 view .LVU144
 499 0060 0423     		movs	r3, #4
 500 0062 1293     		str	r3, [sp, #72]
 153:Core/Src/main.c ****   if (HAL_RCC_OscConfig(&RCC_OscInitStruct) != HAL_OK)
 501              		.loc 1 153 3 is_stmt 1 view .LVU145
 153:Core/Src/main.c ****   if (HAL_RCC_OscConfig(&RCC_OscInitStruct) != HAL_OK)
 502              		.loc 1 153 30 is_stmt 0 view .LVU146
 503 0064 1393     		str	r3, [sp, #76]
 154:Core/Src/main.c ****   {
 504              		.loc 1 154 3 is_stmt 1 view .LVU147
 154:Core/Src/main.c ****   {
 505              		.loc 1 154 7 is_stmt 0 view .LVU148
 506 0066 2046     		mov	r0, r4
 507 0068 FFF7FEFF 		bl	HAL_RCC_OscConfig
 508              	.LVL13:
 154:Core/Src/main.c ****   {
 509              		.loc 1 154 6 discriminator 1 view .LVU149
 510 006c 70B9     		cbnz	r0, .L27
 161:Core/Src/main.c ****                               |RCC_CLOCKTYPE_PCLK1|RCC_CLOCKTYPE_PCLK2;
 511              		.loc 1 161 3 is_stmt 1 view .LVU150
 161:Core/Src/main.c ****                               |RCC_CLOCKTYPE_PCLK1|RCC_CLOCKTYPE_PCLK2;
 512              		.loc 1 161 31 is_stmt 0 view .LVU151
 513 006e 0F23     		movs	r3, #15
 514 0070 0393     		str	r3, [sp, #12]
 163:Core/Src/main.c ****   RCC_ClkInitStruct.AHBCLKDivider = RCC_SYSCLK_DIV1;
 515              		.loc 1 163 3 is_stmt 1 view .LVU152
 163:Core/Src/main.c ****   RCC_ClkInitStruct.AHBCLKDivider = RCC_SYSCLK_DIV1;
 516              		.loc 1 163 34 is_stmt 0 view .LVU153
 517 0072 0221     		movs	r1, #2
 518 0074 0491     		str	r1, [sp, #16]
 164:Core/Src/main.c ****   RCC_ClkInitStruct.APB1CLKDivider = RCC_HCLK_DIV2;
 519              		.loc 1 164 3 is_stmt 1 view .LVU154
 164:Core/Src/main.c ****   RCC_ClkInitStruct.APB1CLKDivider = RCC_HCLK_DIV2;
 520              		.loc 1 164 35 is_stmt 0 view .LVU155
 521 0076 0590     		str	r0, [sp, #20]
 165:Core/Src/main.c ****   RCC_ClkInitStruct.APB2CLKDivider = RCC_HCLK_DIV1;
 522              		.loc 1 165 3 is_stmt 1 view .LVU156
 165:Core/Src/main.c ****   RCC_ClkInitStruct.APB2CLKDivider = RCC_HCLK_DIV1;
 523              		.loc 1 165 36 is_stmt 0 view .LVU157
 524 0078 4FF48052 		mov	r2, #4096
ARM GAS  /tmp/ccPpAxyl.s 			page 34


 525 007c 0692     		str	r2, [sp, #24]
 166:Core/Src/main.c **** 
 526              		.loc 1 166 3 is_stmt 1 view .LVU158
 166:Core/Src/main.c **** 
 527              		.loc 1 166 36 is_stmt 0 view .LVU159
 528 007e 0790     		str	r0, [sp, #28]
 168:Core/Src/main.c ****   {
 529              		.loc 1 168 3 is_stmt 1 view .LVU160
 168:Core/Src/main.c ****   {
 530              		.loc 1 168 7 is_stmt 0 view .LVU161
 531 0080 03A8     		add	r0, sp, #12
 532 0082 FFF7FEFF 		bl	HAL_RCC_ClockConfig
 533              	.LVL14:
 168:Core/Src/main.c ****   {
 534              		.loc 1 168 6 discriminator 1 view .LVU162
 535 0086 18B9     		cbnz	r0, .L28
 172:Core/Src/main.c **** 
 536              		.loc 1 172 1 view .LVU163
 537 0088 14B0     		add	sp, sp, #80
 538              	.LCFI8:
 539              		.cfi_remember_state
 540              		.cfi_def_cfa_offset 8
 541              		@ sp needed
 542 008a 10BD     		pop	{r4, pc}
 543              	.L27:
 544              	.LCFI9:
 545              		.cfi_restore_state
 156:Core/Src/main.c ****   }
 546              		.loc 1 156 5 is_stmt 1 view .LVU164
 547 008c FFF7FEFF 		bl	Error_Handler
 548              	.LVL15:
 549              	.L28:
 170:Core/Src/main.c ****   }
 550              		.loc 1 170 5 view .LVU165
 551 0090 FFF7FEFF 		bl	Error_Handler
 552              	.LVL16:
 553              	.L30:
 554              		.align	2
 555              	.L29:
 556 0094 00380240 		.word	1073887232
 557 0098 00700040 		.word	1073770496
 558              		.cfi_endproc
 559              	.LFE139:
 561              		.section	.rodata.main.str1.4,"aMS",%progbits,1
 562              		.align	2
 563              	.LC0:
 564 0000 48656C6C 		.ascii	"Hello\015\000"
 564      6F0D00
 565 0007 00       		.align	2
 566              	.LC1:
 567 0008 25642025 		.ascii	"%d %d %d\015\012\000"
 567      64202564 
 567      0D0A00
 568              		.section	.text.main,"ax",%progbits
 569              		.align	1
 570              		.global	main
 571              		.syntax unified
ARM GAS  /tmp/ccPpAxyl.s 			page 35


 572              		.thumb
 573              		.thumb_func
 575              	main:
 576              	.LFB138:
  79:Core/Src/main.c **** 
 577              		.loc 1 79 1 view -0
 578              		.cfi_startproc
 579              		@ Volatile: function does not return.
 580              		@ args = 0, pretend = 0, frame = 16
 581              		@ frame_needed = 0, uses_anonymous_args = 0
 582 0000 00B5     		push	{lr}
 583              	.LCFI10:
 584              		.cfi_def_cfa_offset 4
 585              		.cfi_offset 14, -4
 586 0002 85B0     		sub	sp, sp, #20
 587              	.LCFI11:
 588              		.cfi_def_cfa_offset 24
  88:Core/Src/main.c **** 
 589              		.loc 1 88 3 view .LVU167
 590 0004 FFF7FEFF 		bl	HAL_Init
 591              	.LVL17:
  95:Core/Src/main.c **** 
 592              		.loc 1 95 3 view .LVU168
 593 0008 FFF7FEFF 		bl	SystemClock_Config
 594              	.LVL18:
 102:Core/Src/main.c ****   MX_SPI2_Init();
 595              		.loc 1 102 3 view .LVU169
 596 000c FFF7FEFF 		bl	MX_GPIO_Init
 597              	.LVL19:
 103:Core/Src/main.c ****   MX_USART2_UART_Init();
 598              		.loc 1 103 3 view .LVU170
 599 0010 FFF7FEFF 		bl	MX_SPI2_Init
 600              	.LVL20:
 104:Core/Src/main.c ****   /* USER CODE BEGIN 2 */
 601              		.loc 1 104 3 view .LVU171
 602 0014 FFF7FEFF 		bl	MX_USART2_UART_Init
 603              	.LVL21:
 111:Core/Src/main.c ****   HAL_Delay(100);
 604              		.loc 1 111 3 view .LVU172
 605 0018 1148     		ldr	r0, .L34
 606 001a FFF7FEFF 		bl	puts
 607              	.LVL22:
 112:Core/Src/main.c ****   LIS2MDL_Init();
 608              		.loc 1 112 3 view .LVU173
 609 001e 6420     		movs	r0, #100
 610 0020 FFF7FEFF 		bl	HAL_Delay
 611              	.LVL23:
 113:Core/Src/main.c ****   while (1)
 612              		.loc 1 113 3 view .LVU174
 613 0024 FFF7FEFF 		bl	LIS2MDL_Init
 614              	.LVL24:
 615              	.L32:
 114:Core/Src/main.c ****   {
 616              		.loc 1 114 3 view .LVU175
 617              	.LBB12:
 117:Core/Src/main.c ****     LIS2MDL_Read_mgauss(xyz);
 618              		.loc 1 117 5 view .LVU176
ARM GAS  /tmp/ccPpAxyl.s 			page 36


 118:Core/Src/main.c ****     //printf("%f %f %f\r\n", xyz[0], xyz[1], xyz[2]);
 619              		.loc 1 118 5 view .LVU177
 620 0028 01A8     		add	r0, sp, #4
 621 002a FFF7FEFF 		bl	LIS2MDL_Read_mgauss
 622              	.LVL25:
 120:Core/Src/main.c ****     HAL_Delay(100);
 623              		.loc 1 120 5 view .LVU178
 624 002e DDED037A 		vldr.32	s15, [sp, #12]
 625 0032 FDEEE77A 		vcvt.s32.f32	s15, s15
 626 0036 17EE903A 		vmov	r3, s15	@ int
 627 003a DDED027A 		vldr.32	s15, [sp, #8]
 628 003e FDEEE77A 		vcvt.s32.f32	s15, s15
 629 0042 17EE902A 		vmov	r2, s15	@ int
 630 0046 DDED017A 		vldr.32	s15, [sp, #4]
 631 004a FDEEE77A 		vcvt.s32.f32	s15, s15
 632 004e 17EE901A 		vmov	r1, s15	@ int
 633 0052 0448     		ldr	r0, .L34+4
 634 0054 FFF7FEFF 		bl	printf
 635              	.LVL26:
 121:Core/Src/main.c **** 
 636              		.loc 1 121 5 view .LVU179
 637 0058 6420     		movs	r0, #100
 638 005a FFF7FEFF 		bl	HAL_Delay
 639              	.LVL27:
 640              	.LBE12:
 114:Core/Src/main.c ****   {
 641              		.loc 1 114 9 discriminator 1 view .LVU180
 642 005e E3E7     		b	.L32
 643              	.L35:
 644              		.align	2
 645              	.L34:
 646 0060 00000000 		.word	.LC0
 647 0064 08000000 		.word	.LC1
 648              		.cfi_endproc
 649              	.LFE138:
 651              		.global	huart2
 652              		.section	.bss.huart2,"aw",%nobits
 653              		.align	2
 656              	huart2:
 657 0000 00000000 		.space	72
 657      00000000 
 657      00000000 
 657      00000000 
 657      00000000 
 658              		.global	hspi2
 659              		.section	.bss.hspi2,"aw",%nobits
 660              		.align	2
 663              	hspi2:
 664 0000 00000000 		.space	88
 664      00000000 
 664      00000000 
 664      00000000 
 664      00000000 
 665              		.text
 666              	.Letext0:
 667              		.file 3 "/usr/arm-none-eabi/include/machine/_default_types.h"
 668              		.file 4 "/usr/arm-none-eabi/include/sys/_stdint.h"
ARM GAS  /tmp/ccPpAxyl.s 			page 37


 669              		.file 5 "Drivers/CMSIS/Device/ST/STM32F4xx/Include/stm32f411xe.h"
 670              		.file 6 "Drivers/STM32F4xx_HAL_Driver/Inc/stm32f4xx_hal_def.h"
 671              		.file 7 "Drivers/STM32F4xx_HAL_Driver/Inc/stm32f4xx_hal_rcc_ex.h"
 672              		.file 8 "Drivers/STM32F4xx_HAL_Driver/Inc/stm32f4xx_hal_rcc.h"
 673              		.file 9 "Drivers/STM32F4xx_HAL_Driver/Inc/stm32f4xx_hal_gpio.h"
 674              		.file 10 "Drivers/STM32F4xx_HAL_Driver/Inc/stm32f4xx_hal_dma.h"
 675              		.file 11 "Drivers/STM32F4xx_HAL_Driver/Inc/stm32f4xx_hal_spi.h"
 676              		.file 12 "Drivers/STM32F4xx_HAL_Driver/Inc/stm32f4xx_hal_uart.h"
 677              		.file 13 "Core/Inc/lis2mdl.h"
 678              		.file 14 "/usr/arm-none-eabi/include/stdio.h"
 679              		.file 15 "Drivers/STM32F4xx_HAL_Driver/Inc/stm32f4xx_hal.h"
 680              		.file 16 "<built-in>"
ARM GAS  /tmp/ccPpAxyl.s 			page 38


DEFINED SYMBOLS
                            *ABS*:00000000 main.c
     /tmp/ccPpAxyl.s:21     .text.MX_GPIO_Init:00000000 $t
     /tmp/ccPpAxyl.s:26     .text.MX_GPIO_Init:00000000 MX_GPIO_Init
     /tmp/ccPpAxyl.s:167    .text.MX_GPIO_Init:000000a0 $d
     /tmp/ccPpAxyl.s:174    .text._write:00000000 $t
     /tmp/ccPpAxyl.s:180    .text._write:00000000 _write
     /tmp/ccPpAxyl.s:213    .text._write:00000014 $d
     /tmp/ccPpAxyl.s:656    .bss.huart2:00000000 huart2
     /tmp/ccPpAxyl.s:218    .text.Error_Handler:00000000 $t
     /tmp/ccPpAxyl.s:224    .text.Error_Handler:00000000 Error_Handler
     /tmp/ccPpAxyl.s:256    .text.MX_SPI2_Init:00000000 $t
     /tmp/ccPpAxyl.s:261    .text.MX_SPI2_Init:00000000 MX_SPI2_Init
     /tmp/ccPpAxyl.s:330    .text.MX_SPI2_Init:00000038 $d
     /tmp/ccPpAxyl.s:663    .bss.hspi2:00000000 hspi2
     /tmp/ccPpAxyl.s:336    .text.MX_USART2_UART_Init:00000000 $t
     /tmp/ccPpAxyl.s:341    .text.MX_USART2_UART_Init:00000000 MX_USART2_UART_Init
     /tmp/ccPpAxyl.s:396    .text.MX_USART2_UART_Init:0000002c $d
     /tmp/ccPpAxyl.s:402    .text.SystemClock_Config:00000000 $t
     /tmp/ccPpAxyl.s:408    .text.SystemClock_Config:00000000 SystemClock_Config
     /tmp/ccPpAxyl.s:556    .text.SystemClock_Config:00000094 $d
     /tmp/ccPpAxyl.s:562    .rodata.main.str1.4:00000000 $d
     /tmp/ccPpAxyl.s:569    .text.main:00000000 $t
     /tmp/ccPpAxyl.s:575    .text.main:00000000 main
     /tmp/ccPpAxyl.s:646    .text.main:00000060 $d
     /tmp/ccPpAxyl.s:653    .bss.huart2:00000000 $d
     /tmp/ccPpAxyl.s:660    .bss.hspi2:00000000 $d

UNDEFINED SYMBOLS
HAL_GPIO_WritePin
HAL_GPIO_Init
HAL_UART_Transmit
HAL_SPI_Init
HAL_UART_Init
memset
HAL_RCC_OscConfig
HAL_RCC_ClockConfig
HAL_Init
puts
HAL_Delay
LIS2MDL_Init
LIS2MDL_Read_mgauss
printf
